{"type":"FeatureCollection","features":[{"type":"Feature","geometry":{"type":"LineString","coordinates":[[46.708309,24.691375],[46.706772,24.691728]]},"properties":{"id":"p001","permitRef":"BLD-2026-0001","group":"diversions","subtype":"development","status":"ImpactScreening","nextAction":"افحص الأثر","title":"أعمال على ابي بكر الرازي","street":"ابي بكر الرازي","roadClass":"local","sensitivity":"school","promoter":"الشركة السعودية للغاز","contractor":"مجموعة الفهد الهندسية","aadt":79347,"lanes":4,"lanesClosed":1,"direction":"جنوب","start":"2026-07-24T08:00:00.000Z","end":"2026-08-11T16:00:00.000Z","windowHours":8,"workDays":18,"severity":1,"confidence":"high","impactVehHours":7100,"delayPct":11.6,"escalate":false,"escalateReason":"","inputsVersion":"v1","version":1,"description":"إغلاق 1 من 4 مسارات — نافذة 8 ساعات يومياً على مدى 18 يوماً (142 ساعة عمل)"}},{"type":"Feature","geometry":{"type":"LineString","coordinates":[[46.693921,24.660204],[46.693294,24.661004],[46.693144,24.661195]]},"properties":{"id":"p002","permitRef":"BLD-2026-0002","group":"roadworks","subtype":"emergency","status":"CoordinationRequired","nextAction":"نسّق مع الجهة المتعارضة","title":"أعمال على الأستاذ عثمان الصالح","street":"الأستاذ عثمان الصالح","roadClass":"local","sensitivity":"school","promoter":"هيئة تطوير مدينة الرياض","contractor":"مقاولات الخليج","aadt":36957,"lanes":3,"lanesClosed":1,"direction":"جنوب","start":"2026-07-26T09:00:00.000Z","end":"2026-08-23T17:00:00.000Z","windowHours":8,"workDays":28,"severity":1,"confidence":"high","impactVehHours":4086,"delayPct":10,"escalate":false,"escalateReason":"","inputsVersion":"v1","version":1,"description":"إغلاق 1 من 3 مسارات — نافذة 8 ساعات يومياً على مدى 28 يوماً (220 ساعة عمل)"}},{"type":"Feature","geometry":{"type":"LineString","coordinates":[[46.708278,24.660474],[46.707636,24.66015],[46.70748,24.660048]]},"properties":{"id":"p003","permitRef":"BLD-2026-0003","group":"roadworks","subtype":"emergency","status":"ImpactScreening","nextAction":"افحص الأثر","title":"أعمال على الإمام عبدالله بن فيصل","street":"الإمام عبدالله بن فيصل","roadClass":"local","sensitivity":"transit","promoter":"الشركة السعودية للغاز","contractor":"الراجحي للإنشاء","aadt":18545,"lanes":2,"lanesClosed":1,"direction":"شمال","start":"2026-07-18T21:00:00.000Z","end":"2026-07-26T05:00:00.000Z","windowHours":8,"workDays":7,"severity":1,"confidence":"high","impactVehHours":157,"delayPct":10,"escalate":false,"escalateReason":"","inputsVersion":"v1","version":1,"description":"إغلاق 1 من 2 مسارات — نافذة 8 ساعات يومياً على مدى 7 يوماً (50 ساعة عمل)"}},{"type":"Feature","geometry":{"type":"LineString","coordinates":[[46.675195,24.737667],[46.674731,24.738604],[46.674389,24.73927],[46.674335,24.739371]]},"properties":{"id":"p004","permitRef":"BLD-2026-0004","group":"roadworks","subtype":"emergency","status":"ImpactScreening","nextAction":"افحص الأثر","title":"أعمال على الأمير أحمد بن عبدالعزيز","street":"الأمير أحمد بن عبدالعزيز","roadClass":"local","sensitivity":"school","promoter":"الشركة السعودية للكهرباء","contractor":"البنية المتقدمة","aadt":23620,"lanes":2,"lanesClosed":1,"direction":"شمال","start":"2026-07-23T14:00:00.000Z","end":"2026-08-10T22:00:00.000Z","windowHours":8,"workDays":18,"severity":1,"confidence":"high","impactVehHours":2785,"delayPct":13.7,"escalate":false,"escalateReason":"","inputsVersion":"v1","version":1,"description":"إغلاق 1 من 2 مسارات — نافذة 8 ساعات يومياً على مدى 18 يوماً (143 ساعة عمل)"}},{"type":"Feature","geometry":{"type":"LineString","coordinates":[[46.66864,24.676388],[46.668444,24.676793],[46.668265,24.677131]]},"properties":{"id":"p005","permitRef":"BLD-2026-0005","group":"closures","subtype":"emergency","status":"ImpactScreening","nextAction":"افحص الأثر","title":"أعمال على الأمير تركي بن عبدالعزيز الأول","street":"الأمير تركي بن عبدالعزيز الأول","roadClass":"local","sensitivity":"normal","promoter":"الشركة السعودية للكهرباء","contractor":"مقاولات الخليج","aadt":39095,"lanes":3,"lanesClosed":1,"direction":"شمال","start":"2026-07-23T20:00:00.000Z","end":"2026-07-31T04:00:00.000Z","windowHours":8,"workDays":7,"severity":1,"confidence":"high","impactVehHours":449,"delayPct":10,"escalate":false,"escalateReason":"","inputsVersion":"v1","version":1,"description":"إغلاق 1 من 3 مسارات — نافذة 8 ساعات يومياً على مدى 7 يوماً (52 ساعة عمل)"}},{"type":"Feature","geometry":{"type":"Point","coordinates":[46.664857,24.74515]},"properties":{"id":"p006","permitRef":"BLD-2026-0006","group":"pois","subtype":"default","status":"CompletenessReview","nextAction":"أكمل البيانات الناقصة","title":"أعمال على الأمير جلوي بن تركي بن عبدالله","street":"الأمير جلوي بن تركي بن عبدالله","roadClass":"local","sensitivity":"transit","promoter":"أمانة منطقة الرياض","contractor":"مجموعة الفهد الهندسية","aadt":76768,"lanes":4,"lanesClosed":2,"direction":"جنوب","start":"2026-07-10T08:00:00.000Z","end":"2026-08-05T16:00:00.000Z","windowHours":8,"workDays":26,"severity":2,"confidence":"medium","impactVehHours":30773,"delayPct":36.2,"escalate":false,"escalateReason":"","inputsVersion":"v1","version":1,"description":"إغلاق 2 من 4 مسارات — نافذة 8 ساعات يومياً على مدى 26 يوماً (201 ساعة عمل)"}},{"type":"Feature","geometry":{"type":"LineString","coordinates":[[46.697342,24.665317],[46.697343,24.6653],[46.697353,24.665148],[46.697378,24.664841],[46.697451,24.663704]]},"properties":{"id":"p007","permitRef":"BLD-2026-0007","group":"roadworks","subtype":"development","status":"StrategyReview","nextAction":"اعتمد أو أرجع","title":"أعمال على الأمير سعد بن عبدالعزيز","street":"الأمير سعد بن عبدالعزيز","roadClass":"local","sensitivity":"normal","promoter":"أمانة منطقة الرياض","contractor":"الراجحي للإنشاء","aadt":45368,"lanes":3,"lanesClosed":2,"direction":"شمال","start":"2026-07-18T23:00:00.000Z","end":"2026-08-06T07:00:00.000Z","windowHours":8,"workDays":18,"severity":1,"confidence":"high","impactVehHours":858,"delayPct":10,"escalate":false,"escalateReason":"","inputsVersion":"v1","version":1,"description":"إغلاق 2 من 3 مسارات — نافذة 8 ساعات يومياً على مدى 18 يوماً (140 ساعة عمل)"}},{"type":"Feature","geometry":{"type":"LineString","coordinates":[[46.687644,24.655084],[46.687661,24.655055],[46.688253,24.653863],[46.688448,24.653454]]},"properties":{"id":"p008","permitRef":"BLD-2026-0008","group":"roadworks","subtype":"emergency","status":"ImpactScreening","nextAction":"افحص الأثر","title":"أعمال على الأمير سعود بن فيصل بن عبدالعزيز","street":"الأمير سعود بن فيصل بن عبدالعزيز","roadClass":"arterial","sensitivity":"normal","promoter":"شركة الاتصالات السعودية","contractor":"دار التنفيذ","aadt":42761,"lanes":3,"lanesClosed":1,"direction":"جنوب","start":"2026-07-22T07:00:00.000Z","end":"2026-08-21T15:00:00.000Z","windowHours":8,"workDays":30,"severity":1,"confidence":"high","impactVehHours":5670,"delayPct":10,"escalate":false,"escalateReason":"","inputsVersion":"v1","version":1,"description":"إغلاق 1 من 3 مسارات — نافذة 8 ساعات يومياً على مدى 30 يوماً (233 ساعة عمل)"}},{"type":"Feature","geometry":{"type":"LineString","coordinates":[[46.683817,24.674486],[46.68364,24.674446],[46.683147,24.67434],[46.682803,24.674262],[46.68271,24.674256]]},"properties":{"id":"p009","permitRef":"BLD-2026-0009","group":"closures","subtype":"maintenance","status":"CompletenessReview","nextAction":"أكمل البيانات الناقصة","title":"أعمال على الأمير سعود بن ناصر بن فرحان آل سعود","street":"الأمير سعود بن ناصر بن فرحان آل سعود","roadClass":"local","sensitivity":"normal","promoter":"شركة الاتصالات السعودية","contractor":"مقاولات الخليج","aadt":35008,"lanes":3,"lanesClosed":1,"direction":"شمال","start":"2026-07-27T08:00:00.000Z","end":"2026-08-20T16:00:00.000Z","windowHours":8,"workDays":24,"severity":1,"confidence":"high","impactVehHours":3507,"delayPct":10,"escalate":false,"escalateReason":"","inputsVersion":"v1","version":1,"description":"إغلاق 1 من 3 مسارات — نافذة 8 ساعات يومياً على مدى 24 يوماً (187 ساعة عمل)"}},{"type":"Feature","geometry":{"type":"LineString","coordinates":[[46.677846,24.725197],[46.67771,24.72515],[46.677467,24.725055],[46.676771,24.724765],[46.676603,24.724652],[46.676455,24.724586],[46.676117,24.724436],[46.675714,24.724257]]},"properties":{"id":"p010","permitRef":"BLD-2026-0010","group":"roadworks","subtype":"maintenance","status":"Completed","nextAction":"افحص إعادة الطريق","title":"أعمال على الأمير سلطان بن سلمان بن عبدالعزيز","street":"الأمير سلطان بن سلمان بن عبدالعزيز","roadClass":"local","sensitivity":"transit","promoter":"الشركة السعودية للكهرباء","contractor":"مقاولات الخليج","aadt":87377,"lanes":4,"lanesClosed":3,"direction":"جنوب","start":"2026-07-21T19:00:00.000Z","end":"2026-07-27T03:00:00.000Z","windowHours":8,"workDays":5,"severity":3,"confidence":"low","impactVehHours":75985,"delayPct":737.6,"escalate":true,"escalateReason":"التأخير يتجاوز نطاق الفحص السريع المعلن","inputsVersion":"v1","version":1,"description":"إغلاق 3 من 4 مسارات — نافذة 8 ساعات يومياً على مدى 5 يوماً (40 ساعة عمل)"}},{"type":"Feature","geometry":{"type":"LineString","coordinates":[[46.668812,24.681986],[46.666673,24.681053],[46.666631,24.681023],[46.666603,24.680988],[46.66662,24.68095],[46.666728,24.680948],[46.668194,24.681557],[46.668585,24.681717],[46.668901,24.681851],[46.669659,24.682164],[46.669753,24.682203],[46.669931,24.682278]]},"properties":{"id":"p011","permitRef":"BLD-2026-0011","group":"roadworks","subtype":"emergency","status":"ImpactScreening","nextAction":"افحص الأثر","title":"أعمال على الأمير سلطان بن عبدالعزيز","street":"الأمير سلطان بن عبدالعزيز","roadClass":"local","sensitivity":"normal","promoter":"شركة المياه الوطنية","contractor":"دار التنفيذ","aadt":13320,"lanes":2,"lanesClosed":1,"direction":"جنوب","start":"2026-07-10T16:00:00.000Z","end":"2026-07-27T00:00:00.000Z","windowHours":8,"workDays":16,"severity":1,"confidence":"high","impactVehHours":917,"delayPct":10,"escalate":false,"escalateReason":"","inputsVersion":"v1","version":1,"description":"إغلاق 1 من 2 مسارات — نافذة 8 ساعات يومياً على مدى 16 يوماً (121 ساعة عمل)"}},{"type":"Feature","geometry":{"type":"LineString","coordinates":[[46.710585,24.665653],[46.710548,24.665745],[46.710501,24.665871],[46.710472,24.665946],[46.710448,24.666001],[46.710016,24.667142],[46.709994,24.667201]]},"properties":{"id":"p012","permitRef":"BLD-2026-0012","group":"roadworks","subtype":"emergency","status":"Scheduled","nextAction":"انشر الإغلاق","title":"أعمال على الأمير عبدالرحمن بن عبدالعزيز","street":"الأمير عبدالرحمن بن عبدالعزيز","roadClass":"local","sensitivity":"school","promoter":"هيئة تطوير مدينة الرياض","contractor":"البنية المتقدمة","aadt":87492,"lanes":4,"lanesClosed":3,"direction":"شمال","start":"2026-07-12T20:00:00.000Z","end":"2026-07-18T04:00:00.000Z","windowHours":8,"workDays":5,"severity":3,"confidence":"low","impactVehHours":15187,"delayPct":210,"escalate":true,"escalateReason":"التأخير يتجاوز نطاق الفحص السريع المعلن","inputsVersion":"v1","version":1,"description":"إغلاق 3 من 4 مسارات — نافذة 8 ساعات يومياً على مدى 5 يوماً (35 ساعة عمل)"}},{"type":"Feature","geometry":{"type":"LineString","coordinates":[[46.710534,24.657879],[46.710694,24.657476],[46.710852,24.657075],[46.711173,24.656244],[46.711498,24.655409]]},"properties":{"id":"p013","permitRef":"BLD-2026-0013","group":"closures","subtype":"default","status":"CompletenessReview","nextAction":"أكمل البيانات الناقصة","title":"أعمال على الأمير عبدالعزيز بن مساعد بن جلوي","street":"الأمير عبدالعزيز بن مساعد بن جلوي","roadClass":"arterial","sensitivity":"normal","promoter":"الشركة السعودية للكهرباء","contractor":"مجموعة الفهد الهندسية","aadt":16978,"lanes":2,"lanesClosed":1,"direction":"جنوب","start":"2026-07-27T12:00:00.000Z","end":"2026-07-30T20:00:00.000Z","windowHours":8,"workDays":3,"severity":1,"confidence":"high","impactVehHours":244,"delayPct":10,"escalate":false,"escalateReason":"","inputsVersion":"v1","version":1,"description":"إغلاق 1 من 2 مسارات — نافذة 8 ساعات يومياً على مدى 3 يوماً (24 ساعة عمل)"}},{"type":"Feature","geometry":{"type":"Point","coordinates":[46.695035,24.658337]},"properties":{"id":"p014","permitRef":"BLD-2026-0014","group":"pois","subtype":"maintenance","status":"Completed","nextAction":"افحص إعادة الطريق","title":"أعمال على الأمير فهد بن سلمان بن عبدالعزيز","street":"الأمير فهد بن سلمان بن عبدالعزيز","roadClass":"local","sensitivity":"normal","promoter":"الشركة السعودية للكهرباء","contractor":"البنية المتقدمة","aadt":53813,"lanes":3,"lanesClosed":2,"direction":"شمال","start":"2026-07-19T09:00:00.000Z","end":"2026-08-07T17:00:00.000Z","windowHours":8,"workDays":19,"severity":2,"confidence":"medium","impactVehHours":32449,"delayPct":79.7,"escalate":false,"escalateReason":"","inputsVersion":"v1","version":1,"description":"إغلاق 2 من 3 مسارات — نافذة 8 ساعات يومياً على مدى 19 يوماً (151 ساعة عمل)"}},{"type":"Feature","geometry":{"type":"LineString","coordinates":[[46.703391,24.662492],[46.703863,24.662712],[46.704389,24.662965],[46.704977,24.663247],[46.705428,24.663463],[46.705742,24.663614],[46.706052,24.663763]]},"properties":{"id":"p015","permitRef":"BLD-2026-0015","group":"closures","subtype":"emergency","status":"Scheduled","nextAction":"انشر الإغلاق","title":"أعمال على الامير فيصل بن تركي بن عبد العزيز","street":"الامير فيصل بن تركي بن عبد العزيز","roadClass":"major","sensitivity":"hospital","promoter":"هيئة تطوير مدينة الرياض","contractor":"الراجحي للإنشاء","aadt":16884,"lanes":2,"lanesClosed":1,"direction":"شمال","start":"2026-07-26T10:00:00.000Z","end":"2026-08-09T18:00:00.000Z","windowHours":8,"workDays":14,"severity":1,"confidence":"high","impactVehHours":968,"delayPct":10,"escalate":false,"escalateReason":"","inputsVersion":"v1","version":1,"description":"إغلاق 1 من 2 مسارات — نافذة 8 ساعات يومياً على مدى 14 يوماً (111 ساعة عمل)"}},{"type":"Feature","geometry":{"type":"LineString","coordinates":[[46.71238,24.696238],[46.712463,24.696413],[46.712684,24.696883],[46.712755,24.697046]]},"properties":{"id":"p016","permitRef":"BLD-2026-0016","group":"roadworks","subtype":"default","status":"CompletenessReview","nextAction":"أكمل البيانات الناقصة","title":"أعمال على الأمير مساعد بن عبدالعزيز","street":"الأمير مساعد بن عبدالعزيز","roadClass":"local","sensitivity":"normal","promoter":"الشركة السعودية للكهرباء","contractor":"مقاولات الخليج","aadt":45305,"lanes":3,"lanesClosed":1,"direction":"جنوب","start":"2026-08-01T14:00:00.000Z","end":"2026-08-05T22:00:00.000Z","windowHours":8,"workDays":4,"severity":1,"confidence":"high","impactVehHours":1026,"delayPct":11.7,"escalate":false,"escalateReason":"","inputsVersion":"v1","version":1,"description":"إغلاق 1 من 3 مسارات — نافذة 8 ساعات يومياً على مدى 4 يوماً (27 ساعة عمل)"}},{"type":"Feature","geometry":{"type":"Point","coordinates":[46.701959,24.709944]},"properties":{"id":"p017","permitRef":"BLD-2026-0017","group":"pois","subtype":"development","status":"Deployed","nextAction":"راقب القياس","title":"أعمال على الأمير مشاري بن عبدالعزيز","street":"الأمير مشاري بن عبدالعزيز","roadClass":"local","sensitivity":"hospital","promoter":"الشركة السعودية للغاز","contractor":"مقاولات الخليج","aadt":52026,"lanes":3,"lanesClosed":1,"direction":"شمال","start":"2026-07-19T17:00:00.000Z","end":"2026-07-25T01:00:00.000Z","windowHours":8,"workDays":5,"severity":1,"confidence":"high","impactVehHours":1744,"delayPct":17,"escalate":false,"escalateReason":"","inputsVersion":"v1","version":1,"description":"إغلاق 1 من 3 مسارات — نافذة 8 ساعات يومياً على مدى 5 يوماً (36 ساعة عمل)"}},{"type":"Feature","geometry":{"type":"LineString","coordinates":[[46.708147,24.674013],[46.708032,24.673966],[46.70768,24.673818],[46.707405,24.673623],[46.707122,24.673358],[46.706911,24.673178],[46.706619,24.673085],[46.705855,24.67272]]},"properties":{"id":"p018","permitRef":"BLD-2026-0018","group":"roadworks","subtype":"emergency","status":"CoordinationRequired","nextAction":"نسّق مع الجهة المتعارضة","title":"أعمال على الأمير منصور بن عبدالعزيز","street":"الأمير منصور بن عبدالعزيز","roadClass":"local","sensitivity":"normal","promoter":"شركة الاتصالات السعودية","contractor":"مقاولات الخليج","aadt":84853,"lanes":4,"lanesClosed":3,"direction":"شمال","start":"2026-07-12T22:00:00.000Z","end":"2026-08-08T06:00:00.000Z","windowHours":8,"workDays":26,"severity":1,"confidence":"high","impactVehHours":4547,"delayPct":21,"escalate":false,"escalateReason":"","inputsVersion":"v1","version":1,"description":"إغلاق 3 من 4 مسارات — نافذة 8 ساعات يومياً على مدى 26 يوماً (201 ساعة عمل)"}},{"type":"Feature","geometry":{"type":"LineString","coordinates":[[46.668138,24.663051],[46.668111,24.66302],[46.667902,24.66286],[46.667679,24.662726],[46.667451,24.662635],[46.667317,24.662567],[46.666735,24.662416],[46.666088,24.662245]]},"properties":{"id":"p019","permitRef":"BLD-2026-0019","group":"diversions","subtype":"default","status":"CoordinationRequired","nextAction":"نسّق مع الجهة المتعارضة","title":"أعمال على البرق","street":"البرق","roadClass":"local","sensitivity":"normal","promoter":"أمانة منطقة الرياض","contractor":"مجموعة الفهد الهندسية","aadt":17688,"lanes":2,"lanesClosed":1,"direction":"جنوب","start":"2026-07-21T13:00:00.000Z","end":"2026-08-14T21:00:00.000Z","windowHours":8,"workDays":24,"severity":1,"confidence":"high","impactVehHours":2046,"delayPct":10,"escalate":false,"escalateReason":"","inputsVersion":"v1","version":1,"description":"إغلاق 1 من 2 مسارات — نافذة 8 ساعات يومياً على مدى 24 يوماً (192 ساعة عمل)"}},{"type":"Feature","geometry":{"type":"Point","coordinates":[46.684784,24.66739]},"properties":{"id":"p020","permitRef":"BLD-2026-0020","group":"pois","subtype":"development","status":"ImpactScreening","nextAction":"افحص الأثر","title":"أعمال على الجوهري","street":"الجوهري","roadClass":"local","sensitivity":"hospital","promoter":"أمانة منطقة الرياض","contractor":"مقاولات الخليج","aadt":87054,"lanes":4,"lanesClosed":1,"direction":"جنوب","start":"2026-07-13T13:00:00.000Z","end":"2026-08-11T21:00:00.000Z","windowHours":8,"workDays":29,"severity":2,"confidence":"medium","impactVehHours":23752,"delayPct":18.2,"escalate":false,"escalateReason":"","inputsVersion":"v1","version":1,"description":"إغلاق 1 من 4 مسارات — نافذة 8 ساعات يومياً على مدى 29 يوماً (231 ساعة عمل)"}},{"type":"Feature","geometry":{"type":"LineString","coordinates":[[46.711812,24.673362],[46.711821,24.673095],[46.711829,24.672848],[46.711832,24.672592],[46.711831,24.67234],[46.711833,24.672097],[46.711834,24.672045]]},"properties":{"id":"p021","permitRef":"BLD-2026-0021","group":"incidents","subtype":"development","status":"Completed","nextAction":"افحص إعادة الطريق","title":"أعمال على الشيخ عبدالرحمن بن حسن","street":"الشيخ عبدالرحمن بن حسن","roadClass":"local","sensitivity":"hospital","promoter":"هيئة تطوير مدينة الرياض","contractor":"البنية المتقدمة","aadt":22467,"lanes":2,"lanesClosed":1,"direction":"جنوب","start":"2026-07-25T15:00:00.000Z","end":"2026-08-21T23:00:00.000Z","windowHours":8,"workDays":27,"severity":1,"confidence":"high","impactVehHours":3489,"delayPct":12.5,"escalate":false,"escalateReason":"","inputsVersion":"v1","version":1,"description":"إغلاق 1 من 2 مسارات — نافذة 8 ساعات يومياً على مدى 27 يوماً (209 ساعة عمل)"}},{"type":"Feature","geometry":{"type":"Point","coordinates":[46.681627,24.724902]},"properties":{"id":"p022","permitRef":"BLD-2026-0022","group":"pois","subtype":"default","status":"ImpactScreening","nextAction":"افحص الأثر","title":"أعمال على الشيخ عبدالله العنقري","street":"الشيخ عبدالله العنقري","roadClass":"local","sensitivity":"normal","promoter":"هيئة تطوير مدينة الرياض","contractor":"البنية المتقدمة","aadt":38402,"lanes":3,"lanesClosed":1,"direction":"جنوب","start":"2026-08-01T07:00:00.000Z","end":"2026-08-11T15:00:00.000Z","windowHours":8,"workDays":10,"severity":1,"confidence":"high","impactVehHours":1692,"delayPct":10,"escalate":false,"escalateReason":"","inputsVersion":"v1","version":1,"description":"إغلاق 1 من 3 مسارات — نافذة 8 ساعات يومياً على مدى 10 يوماً (73 ساعة عمل)"}},{"type":"Feature","geometry":{"type":"LineString","coordinates":[[46.708447,24.726369],[46.708456,24.726381],[46.708581,24.726482],[46.708757,24.726586],[46.709265,24.726774]]},"properties":{"id":"p023","permitRef":"BLD-2026-0023","group":"roadworks","subtype":"maintenance","status":"ImpactScreening","nextAction":"افحص الأثر","title":"أعمال على العروبة","street":"العروبة","roadClass":"local","sensitivity":"normal","promoter":"الشركة السعودية للغاز","contractor":"مقاولات الخليج","aadt":86748,"lanes":4,"lanesClosed":1,"direction":"شمال","start":"2026-07-30T07:00:00.000Z","end":"2026-08-27T15:00:00.000Z","windowHours":8,"workDays":28,"severity":2,"confidence":"medium","impactVehHours":15354,"delayPct":13.8,"escalate":false,"escalateReason":"","inputsVersion":"v1","version":1,"description":"إغلاق 1 من 4 مسارات — نافذة 8 ساعات يومياً على مدى 28 يوماً (222 ساعة عمل)"}},{"type":"Feature","geometry":{"type":"LineString","coordinates":[[46.707353,24.680667],[46.706596,24.679678],[46.70621,24.679174],[46.705066,24.677681],[46.704677,24.677215]]},"properties":{"id":"p024","permitRef":"BLD-2026-0024","group":"roadworks","subtype":"emergency","status":"CompletenessReview","nextAction":"أكمل البيانات الناقصة","title":"أعمال على الملك سعود","street":"الملك سعود","roadClass":"arterial","sensitivity":"hospital","promoter":"الشركة السعودية للكهرباء","contractor":"دار التنفيذ","aadt":14384,"lanes":2,"lanesClosed":1,"direction":"شمال","start":"2026-07-14T22:00:00.000Z","end":"2026-08-03T06:00:00.000Z","windowHours":8,"workDays":19,"severity":1,"confidence":"high","impactVehHours":268,"delayPct":10,"escalate":false,"escalateReason":"","inputsVersion":"v1","version":1,"description":"إغلاق 1 من 2 مسارات — نافذة 8 ساعات يومياً على مدى 19 يوماً (145 ساعة عمل)"}},{"type":"Feature","geometry":{"type":"LineString","coordinates":[[46.697816,24.741752],[46.698096,24.741874],[46.700028,24.742696],[46.700183,24.742766]]},"properties":{"id":"p025","permitRef":"BLD-2026-0025","group":"roadworks","subtype":"emergency","status":"ImpactScreening","nextAction":"افحص الأثر","title":"أعمال على الملك عبدالله","street":"الملك عبدالله","roadClass":"local","sensitivity":"normal","promoter":"شركة الاتصالات السعودية","contractor":"البنية المتقدمة","aadt":83007,"lanes":4,"lanesClosed":2,"direction":"شمال","start":"2026-07-11T11:00:00.000Z","end":"2026-08-10T19:00:00.000Z","windowHours":8,"workDays":30,"severity":3,"confidence":"low","impactVehHours":98955,"delayPct":82.7,"escalate":false,"escalateReason":"","inputsVersion":"v1","version":1,"description":"إغلاق 2 من 4 مسارات — نافذة 8 ساعات يومياً على مدى 30 يوماً (237 ساعة عمل)"}},{"type":"Feature","geometry":{"type":"LineString","coordinates":[[46.704123,24.66034],[46.704007,24.660662],[46.703322,24.66246],[46.703257,24.662589],[46.703207,24.662729],[46.703043,24.663181],[46.703009,24.663275],[46.702967,24.663369],[46.702736,24.663991]]},"properties":{"id":"p026","permitRef":"BLD-2026-0026","group":"roadworks","subtype":"default","status":"ImpactScreening","nextAction":"افحص الأثر","title":"أعمال على الملك فيصل بن عبدالعزيز","street":"الملك فيصل بن عبدالعزيز","roadClass":"arterial","sensitivity":"normal","promoter":"الشركة السعودية للغاز","contractor":"الراجحي للإنشاء","aadt":36343,"lanes":3,"lanesClosed":2,"direction":"شمال","start":"2026-08-02T10:00:00.000Z","end":"2026-08-06T18:00:00.000Z","windowHours":8,"workDays":4,"severity":1,"confidence":"high","impactVehHours":1531,"delayPct":25.7,"escalate":false,"escalateReason":"","inputsVersion":"v1","version":1,"description":"إغلاق 2 من 3 مسارات — نافذة 8 ساعات يومياً على مدى 4 يوماً (28 ساعة عمل)"}},{"type":"Feature","geometry":{"type":"Point","coordinates":[46.684187,24.712033]},"properties":{"id":"p027","permitRef":"BLD-2026-0027","group":"pois","subtype":"development","status":"StrategyReview","nextAction":"اعتمد أو أرجع","title":"أعمال على المهندس مساعد العنقري","street":"المهندس مساعد العنقري","roadClass":"local","sensitivity":"normal","promoter":"أمانة منطقة الرياض","contractor":"البنية المتقدمة","aadt":82698,"lanes":4,"lanesClosed":2,"direction":"شمال","start":"2026-07-15T09:00:00.000Z","end":"2026-07-24T17:00:00.000Z","windowHours":8,"workDays":9,"severity":1,"confidence":"high","impactVehHours":7816,"delayPct":26.2,"escalate":false,"escalateReason":"","inputsVersion":"v1","version":1,"description":"إغلاق 2 من 4 مسارات — نافذة 8 ساعات يومياً على مدى 9 يوماً (70 ساعة عمل)"}},{"type":"Feature","geometry":{"type":"LineString","coordinates":[[46.687483,24.66589],[46.687053,24.665715],[46.686941,24.665668]]},"properties":{"id":"p028","permitRef":"BLD-2026-0028","group":"diversions","subtype":"development","status":"ImpactScreening","nextAction":"افحص الأثر","title":"أعمال على أم سلمة الأنصاري","street":"أم سلمة الأنصاري","roadClass":"local","sensitivity":"normal","promoter":"شركة المياه الوطنية","contractor":"مجموعة الفهد الهندسية","aadt":18692,"lanes":2,"lanesClosed":1,"direction":"شمال","start":"2026-07-10T21:00:00.000Z","end":"2026-07-23T05:00:00.000Z","windowHours":8,"workDays":12,"severity":1,"confidence":"high","impactVehHours":271,"delayPct":10,"escalate":false,"escalateReason":"","inputsVersion":"v1","version":1,"description":"إغلاق 1 من 2 مسارات — نافذة 8 ساعات يومياً على مدى 12 يوماً (91 ساعة عمل)"}},{"type":"Feature","geometry":{"type":"LineString","coordinates":[[46.686496,24.670066],[46.686978,24.668827]]},"properties":{"id":"p029","permitRef":"BLD-2026-0029","group":"closures","subtype":"maintenance","status":"CoordinationRequired","nextAction":"نسّق مع الجهة المتعارضة","title":"أعمال على جابر بن عبدالله","street":"جابر بن عبدالله","roadClass":"local","sensitivity":"transit","promoter":"الشركة السعودية للغاز","contractor":"مقاولات الخليج","aadt":48204,"lanes":3,"lanesClosed":1,"direction":"شمال","start":"2026-07-20T08:00:00.000Z","end":"2026-08-16T16:00:00.000Z","windowHours":8,"workDays":27,"severity":1,"confidence":"high","impactVehHours":6048,"delayPct":11,"escalate":false,"escalateReason":"","inputsVersion":"v1","version":1,"description":"إغلاق 1 من 3 مسارات — نافذة 8 ساعات يومياً على مدى 27 يوماً (212 ساعة عمل)"}},{"type":"Feature","geometry":{"type":"LineString","coordinates":[[46.710659,24.738241],[46.710894,24.738343],[46.712665,24.739057]]},"properties":{"id":"p030","permitRef":"BLD-2026-0030","group":"roadworks","subtype":"emergency","status":"Scheduled","nextAction":"انشر الإغلاق","title":"أعمال على رفحاء","street":"رفحاء","roadClass":"local","sensitivity":"transit","promoter":"أمانة منطقة الرياض","contractor":"دار التنفيذ","aadt":82046,"lanes":4,"lanesClosed":3,"direction":"شمال","start":"2026-07-30T15:00:00.000Z","end":"2026-08-10T23:00:00.000Z","windowHours":8,"workDays":11,"severity":3,"confidence":"low","impactVehHours":656511,"delayPct":1498.2,"escalate":true,"escalateReason":"التأخير يتجاوز نطاق الفحص السريع المعلن","inputsVersion":"v1","version":1,"description":"إغلاق 3 من 4 مسارات — نافذة 8 ساعات يومياً على مدى 11 يوماً (84 ساعة عمل)"}},{"type":"Feature","geometry":{"type":"LineString","coordinates":[[46.658972,24.699595],[46.660003,24.700022]]},"properties":{"id":"p031","permitRef":"BLD-2026-0031","group":"closures","subtype":"default","status":"ImpactScreening","nextAction":"افحص الأثر","title":"أعمال على شارع إبراهيم النفيسي","street":"شارع إبراهيم النفيسي","roadClass":"local","sensitivity":"normal","promoter":"الشركة السعودية للغاز","contractor":"دار التنفيذ","aadt":42607,"lanes":3,"lanesClosed":2,"direction":"جنوب","start":"2026-07-25T17:00:00.000Z","end":"2026-08-16T01:00:00.000Z","windowHours":8,"workDays":21,"severity":3,"confidence":"low","impactVehHours":43610,"delayPct":125.6,"escalate":false,"escalateReason":"","inputsVersion":"v1","version":1,"description":"إغلاق 2 من 3 مسارات — نافذة 8 ساعات يومياً على مدى 21 يوماً (163 ساعة عمل)"}},{"type":"Feature","geometry":{"type":"LineString","coordinates":[[46.662822,24.697021],[46.66303,24.696599],[46.66313,24.696419]]},"properties":{"id":"p032","permitRef":"BLD-2026-0032","group":"roadworks","subtype":"emergency","status":"CoordinationRequired","nextAction":"نسّق مع الجهة المتعارضة","title":"أعمال على شارع أحمد بن إبراهيم الغزاوي","street":"شارع أحمد بن إبراهيم الغزاوي","roadClass":"local","sensitivity":"hospital","promoter":"الشركة السعودية للغاز","contractor":"دار التنفيذ","aadt":44171,"lanes":3,"lanesClosed":2,"direction":"شمال","start":"2026-07-09T11:00:00.000Z","end":"2026-07-15T19:00:00.000Z","windowHours":8,"workDays":6,"severity":2,"confidence":"medium","impactVehHours":14234,"delayPct":116.6,"escalate":false,"escalateReason":"","inputsVersion":"v1","version":1,"description":"إغلاق 2 من 3 مسارات — نافذة 8 ساعات يومياً على مدى 6 يوماً (42 ساعة عمل)"}},{"type":"Feature","geometry":{"type":"LineString","coordinates":[[46.662158,24.71821],[46.661752,24.718039],[46.661465,24.717909],[46.661169,24.717782],[46.660866,24.717663],[46.66084,24.717651]]},"properties":{"id":"p033","permitRef":"BLD-2026-0033","group":"roadworks","subtype":"development","status":"CoordinationRequired","nextAction":"نسّق مع الجهة المتعارضة","title":"أعمال على شارع الأمير سلطان بن سلمان بن عبدالعزيز","street":"شارع الأمير سلطان بن سلمان بن عبدالعزيز","roadClass":"local","sensitivity":"hospital","promoter":"شركة المياه الوطنية","contractor":"البنية المتقدمة","aadt":44376,"lanes":3,"lanesClosed":1,"direction":"جنوب","start":"2026-07-24T07:00:00.000Z","end":"2026-08-19T15:00:00.000Z","windowHours":8,"workDays":26,"severity":1,"confidence":"high","impactVehHours":5208,"delayPct":10.2,"escalate":false,"escalateReason":"","inputsVersion":"v1","version":1,"description":"إغلاق 1 من 3 مسارات — نافذة 8 ساعات يومياً على مدى 26 يوماً (207 ساعة عمل)"}},{"type":"Feature","geometry":{"type":"Point","coordinates":[46.699944,24.695052]},"properties":{"id":"p034","permitRef":"BLD-2026-0034","group":"pois","subtype":"default","status":"CompletenessReview","nextAction":"أكمل البيانات الناقصة","title":"أعمال على شارع الامير سلطان بن عبدالعزيز","street":"شارع الامير سلطان بن عبدالعزيز","roadClass":"local","sensitivity":"normal","promoter":"شركة الاتصالات السعودية","contractor":"مجموعة الفهد الهندسية","aadt":49073,"lanes":3,"lanesClosed":2,"direction":"شمال","start":"2026-07-11T08:00:00.000Z","end":"2026-07-28T16:00:00.000Z","windowHours":8,"workDays":17,"severity":2,"confidence":"medium","impactVehHours":36201,"delayPct":103,"escalate":false,"escalateReason":"","inputsVersion":"v1","version":1,"description":"إغلاق 2 من 3 مسارات — نافذة 8 ساعات يومياً على مدى 17 يوماً (129 ساعة عمل)"}},{"type":"Feature","geometry":{"type":"LineString","coordinates":[[46.711143,24.693076],[46.711023,24.692581]]},"properties":{"id":"p035","permitRef":"BLD-2026-0035","group":"diversions","subtype":"maintenance","status":"CoordinationRequired","nextAction":"نسّق مع الجهة المتعارضة","title":"أعمال على شارع ألامير مساعد بن عبدالعزيز","street":"شارع ألامير مساعد بن عبدالعزيز","roadClass":"local","sensitivity":"normal","promoter":"هيئة تطوير مدينة الرياض","contractor":"البنية المتقدمة","aadt":79544,"lanes":4,"lanesClosed":1,"direction":"جنوب","start":"2026-07-16T14:00:00.000Z","end":"2026-07-31T22:00:00.000Z","windowHours":8,"workDays":15,"severity":2,"confidence":"medium","impactVehHours":8628,"delayPct":14.5,"escalate":false,"escalateReason":"","inputsVersion":"v1","version":1,"description":"إغلاق 1 من 4 مسارات — نافذة 8 ساعات يومياً على مدى 15 يوماً (116 ساعة عمل)"}},{"type":"Feature","geometry":{"type":"LineString","coordinates":[[46.692114,24.710215],[46.690856,24.70971]]},"properties":{"id":"p036","permitRef":"BLD-2026-0036","group":"closures","subtype":"maintenance","status":"ImpactScreening","nextAction":"افحص الأثر","title":"أعمال على شارع الأمير ممدوح بن عبدالعزيز","street":"شارع الأمير ممدوح بن عبدالعزيز","roadClass":"local","sensitivity":"normal","promoter":"أمانة منطقة الرياض","contractor":"مجموعة الفهد الهندسية","aadt":51603,"lanes":3,"lanesClosed":1,"direction":"شمال","start":"2026-07-28T22:00:00.000Z","end":"2026-08-24T06:00:00.000Z","windowHours":8,"workDays":26,"severity":1,"confidence":"high","impactVehHours":1315,"delayPct":10,"escalate":false,"escalateReason":"","inputsVersion":"v1","version":1,"description":"إغلاق 1 من 3 مسارات — نافذة 8 ساعات يومياً على مدى 26 يوماً (201 ساعة عمل)"}},{"type":"Feature","geometry":{"type":"LineString","coordinates":[[46.667552,24.738599],[46.667587,24.738615],[46.668307,24.738933],[46.66886,24.739159]]},"properties":{"id":"p037","permitRef":"BLD-2026-0037","group":"closures","subtype":"maintenance","status":"Completed","nextAction":"افحص إعادة الطريق","title":"أعمال على شارع الأمير نايف بن عبدالعزيز","street":"شارع الأمير نايف بن عبدالعزيز","roadClass":"local","sensitivity":"hospital","promoter":"شركة الاتصالات السعودية","contractor":"دار التنفيذ","aadt":53522,"lanes":3,"lanesClosed":1,"direction":"جنوب","start":"2026-07-10T10:00:00.000Z","end":"2026-08-01T18:00:00.000Z","windowHours":8,"workDays":22,"severity":1,"confidence":"high","impactVehHours":5608,"delayPct":11.5,"escalate":false,"escalateReason":"","inputsVersion":"v1","version":1,"description":"إغلاق 1 من 3 مسارات — نافذة 8 ساعات يومياً على مدى 22 يوماً (170 ساعة عمل)"}},{"type":"Feature","geometry":{"type":"LineString","coordinates":[[46.680074,24.669246],[46.679939,24.66921],[46.678766,24.6689],[46.678314,24.668795]]},"properties":{"id":"p038","permitRef":"BLD-2026-0038","group":"roadworks","subtype":"development","status":"StrategyReview","nextAction":"اعتمد أو أرجع","title":"أعمال على شارع الزهراوي","street":"شارع الزهراوي","roadClass":"local","sensitivity":"hospital","promoter":"شركة الاتصالات السعودية","contractor":"الراجحي للإنشاء","aadt":46406,"lanes":3,"lanesClosed":2,"direction":"جنوب","start":"2026-07-20T12:00:00.000Z","end":"2026-07-29T20:00:00.000Z","windowHours":8,"workDays":9,"severity":3,"confidence":"low","impactVehHours":31418,"delayPct":154,"escalate":true,"escalateReason":"التأخير يتجاوز نطاق الفحص السريع المعلن","inputsVersion":"v1","version":1,"description":"إغلاق 2 من 3 مسارات — نافذة 8 ساعات يومياً على مدى 9 يوماً (65 ساعة عمل)"}},{"type":"Feature","geometry":{"type":"Point","coordinates":[46.682074,24.699905]},"properties":{"id":"p039","permitRef":"BLD-2026-0039","group":"pois","subtype":"development","status":"ImpactScreening","nextAction":"افحص الأثر","title":"أعمال على شارع العليا","street":"شارع العليا","roadClass":"arterial","sensitivity":"normal","promoter":"أمانة منطقة الرياض","contractor":"البنية المتقدمة","aadt":50240,"lanes":3,"lanesClosed":2,"direction":"جنوب","start":"2026-07-22T14:00:00.000Z","end":"2026-08-08T22:00:00.000Z","windowHours":8,"workDays":17,"severity":3,"confidence":"low","impactVehHours":87894,"delayPct":211.4,"escalate":true,"escalateReason":"التأخير يتجاوز نطاق الفحص السريع المعلن","inputsVersion":"v1","version":1,"description":"إغلاق 2 من 3 مسارات — نافذة 8 ساعات يومياً على مدى 17 يوماً (131 ساعة عمل)"}},{"type":"Feature","geometry":{"type":"LineString","coordinates":[[46.696511,24.671465],[46.696591,24.671386],[46.696802,24.671194],[46.697085,24.67095]]},"properties":{"id":"p040","permitRef":"BLD-2026-0040","group":"roadworks","subtype":"emergency","status":"ImpactScreening","nextAction":"افحص الأثر","title":"أعمال على شارع العليا الفرعي","street":"شارع العليا الفرعي","roadClass":"local","sensitivity":"hospital","promoter":"الشركة السعودية للغاز","contractor":"الراجحي للإنشاء","aadt":74902,"lanes":4,"lanesClosed":1,"direction":"شمال","start":"2026-07-25T12:00:00.000Z","end":"2026-08-10T20:00:00.000Z","windowHours":8,"workDays":16,"severity":1,"confidence":"high","impactVehHours":7596,"delayPct":12.7,"escalate":false,"escalateReason":"","inputsVersion":"v1","version":1,"description":"إغلاق 1 من 4 مسارات — نافذة 8 ساعات يومياً على مدى 16 يوماً (124 ساعة عمل)"}},{"type":"Feature","geometry":{"type":"LineString","coordinates":[[46.701032,24.703301],[46.70121,24.702949],[46.701249,24.702874],[46.701304,24.702768],[46.701381,24.702617]]},"properties":{"id":"p041","permitRef":"BLD-2026-0041","group":"incidents","subtype":"emergency","status":"ImpactScreening","nextAction":"افحص الأثر","title":"أعمال على شارع الملك محمد الخامس","street":"شارع الملك محمد الخامس","roadClass":"local","sensitivity":"normal","promoter":"شركة الاتصالات السعودية","contractor":"الراجحي للإنشاء","aadt":20462,"lanes":2,"lanesClosed":1,"direction":"جنوب","start":"2026-07-17T14:00:00.000Z","end":"2026-08-08T22:00:00.000Z","windowHours":8,"workDays":22,"severity":1,"confidence":"high","impactVehHours":2357,"delayPct":11,"escalate":false,"escalateReason":"","inputsVersion":"v1","version":1,"description":"إغلاق 1 من 2 مسارات — نافذة 8 ساعات يومياً على مدى 22 يوماً (172 ساعة عمل)"}},{"type":"Feature","geometry":{"type":"LineString","coordinates":[[46.658998,24.70246],[46.659195,24.702539],[46.659502,24.702713],[46.65988,24.702973]]},"properties":{"id":"p042","permitRef":"BLD-2026-0042","group":"roadworks","subtype":"maintenance","status":"ImpactScreening","nextAction":"افحص الأثر","title":"أعمال على شارع أم الحمام","street":"شارع أم الحمام","roadClass":"major","sensitivity":"normal","promoter":"الشركة السعودية للكهرباء","contractor":"مجموعة الفهد الهندسية","aadt":45362,"lanes":3,"lanesClosed":2,"direction":"جنوب","start":"2026-07-08T14:00:00.000Z","end":"2026-07-15T22:00:00.000Z","windowHours":8,"workDays":7,"severity":2,"confidence":"medium","impactVehHours":21718,"delayPct":141.7,"escalate":false,"escalateReason":"","inputsVersion":"v1","version":1,"description":"إغلاق 2 من 3 مسارات — نافذة 8 ساعات يومياً على مدى 7 يوماً (49 ساعة عمل)"}},{"type":"Feature","geometry":{"type":"LineString","coordinates":[[46.662454,24.699246],[46.663044,24.699484],[46.66329,24.699587]]},"properties":{"id":"p043","permitRef":"BLD-2026-0043","group":"roadworks","subtype":"development","status":"ImpactScreening","nextAction":"افحص الأثر","title":"أعمال على شارع حلب","street":"شارع حلب","roadClass":"local","sensitivity":"school","promoter":"أمانة منطقة الرياض","contractor":"الراجحي للإنشاء","aadt":85039,"lanes":4,"lanesClosed":1,"direction":"جنوب","start":"2026-07-20T23:00:00.000Z","end":"2026-08-16T07:00:00.000Z","windowHours":8,"workDays":26,"severity":1,"confidence":"high","impactVehHours":2325,"delayPct":10,"escalate":false,"escalateReason":"","inputsVersion":"v1","version":1,"description":"إغلاق 1 من 4 مسارات — نافذة 8 ساعات يومياً على مدى 26 يوماً (204 ساعة عمل)"}},{"type":"Feature","geometry":{"type":"LineString","coordinates":[[46.697402,24.711016],[46.697519,24.710755],[46.697937,24.70988]]},"properties":{"id":"p044","permitRef":"BLD-2026-0044","group":"closures","subtype":"development","status":"ImpactScreening","nextAction":"افحص الأثر","title":"أعمال على شارع عبدالله بن رواحة","street":"شارع عبدالله بن رواحة","roadClass":"local","sensitivity":"normal","promoter":"شركة المياه الوطنية","contractor":"البنية المتقدمة","aadt":53322,"lanes":3,"lanesClosed":1,"direction":"شمال","start":"2026-07-24T14:00:00.000Z","end":"2026-08-08T22:00:00.000Z","windowHours":8,"workDays":15,"severity":1,"confidence":"high","impactVehHours":6543,"delayPct":16.7,"escalate":false,"escalateReason":"","inputsVersion":"v1","version":1,"description":"إغلاق 1 من 3 مسارات — نافذة 8 ساعات يومياً على مدى 15 يوماً (118 ساعة عمل)"}},{"type":"Feature","geometry":{"type":"Point","coordinates":[46.691704,24.70326]},"properties":{"id":"p045","permitRef":"BLD-2026-0045","group":"pois","subtype":"default","status":"ImpactScreening","nextAction":"افحص الأثر","title":"أعمال على شارع عبدالله بن سليمان الحمدان","street":"شارع عبدالله بن سليمان الحمدان","roadClass":"local","sensitivity":"transit","promoter":"شركة الاتصالات السعودية","contractor":"البنية المتقدمة","aadt":83390,"lanes":4,"lanesClosed":2,"direction":"شمال","start":"2026-07-08T16:00:00.000Z","end":"2026-08-08T00:00:00.000Z","windowHours":8,"workDays":30,"severity":3,"confidence":"low","impactVehHours":112862,"delayPct":98.1,"escalate":false,"escalateReason":"","inputsVersion":"v1","version":1,"description":"إغلاق 2 من 4 مسارات — نافذة 8 ساعات يومياً على مدى 30 يوماً (234 ساعة عمل)"}},{"type":"Feature","geometry":{"type":"LineString","coordinates":[[46.686055,24.705681],[46.686458,24.705852],[46.686798,24.706018],[46.686837,24.706035]]},"properties":{"id":"p046","permitRef":"BLD-2026-0046","group":"diversions","subtype":"emergency","status":"Deployed","nextAction":"راقب القياس","title":"أعمال على شارع موسي بن نصير","street":"شارع موسي بن نصير","roadClass":"local","sensitivity":"normal","promoter":"شركة الاتصالات السعودية","contractor":"الراجحي للإنشاء","aadt":36804,"lanes":3,"lanesClosed":1,"direction":"جنوب","start":"2026-07-11T12:00:00.000Z","end":"2026-08-05T20:00:00.000Z","windowHours":8,"workDays":25,"severity":1,"confidence":"high","impactVehHours":4442,"delayPct":10,"escalate":false,"escalateReason":"","inputsVersion":"v1","version":1,"description":"إغلاق 1 من 3 مسارات — نافذة 8 ساعات يومياً على مدى 25 يوماً (194 ساعة عمل)"}},{"type":"Feature","geometry":{"type":"Point","coordinates":[46.707012,24.736566]},"properties":{"id":"p047","permitRef":"BLD-2026-0047","group":"pois","subtype":"default","status":"CompletenessReview","nextAction":"أكمل البيانات الناقصة","title":"أعمال على طريق أبي بكر الصديق","street":"طريق أبي بكر الصديق","roadClass":"arterial","sensitivity":"normal","promoter":"الشركة السعودية للغاز","contractor":"دار التنفيذ","aadt":12955,"lanes":2,"lanesClosed":1,"direction":"شمال","start":"2026-07-31T16:00:00.000Z","end":"2026-08-26T00:00:00.000Z","windowHours":8,"workDays":25,"severity":1,"confidence":"high","impactVehHours":1394,"delayPct":10,"escalate":false,"escalateReason":"","inputsVersion":"v1","version":1,"description":"إغلاق 1 من 2 مسارات — نافذة 8 ساعات يومياً على مدى 25 يوماً (195 ساعة عمل)"}},{"type":"Feature","geometry":{"type":"LineString","coordinates":[[46.705215,24.740478],[46.705207,24.740496],[46.704868,24.741174],[46.704149,24.742532]]},"properties":{"id":"p048","permitRef":"BLD-2026-0048","group":"roadworks","subtype":"development","status":"CompletenessReview","nextAction":"أكمل البيانات الناقصة","title":"أعمال على طريق أبي بكر الصديق الفرعي","street":"طريق أبي بكر الصديق الفرعي","roadClass":"local","sensitivity":"school","promoter":"شركة الاتصالات السعودية","contractor":"دار التنفيذ","aadt":17754,"lanes":2,"lanesClosed":1,"direction":"شمال","start":"2026-07-15T07:00:00.000Z","end":"2026-07-26T15:00:00.000Z","windowHours":8,"workDays":11,"severity":1,"confidence":"high","impactVehHours":857,"delayPct":10,"escalate":false,"escalateReason":"","inputsVersion":"v1","version":1,"description":"إغلاق 1 من 2 مسارات — نافذة 8 ساعات يومياً على مدى 11 يوماً (82 ساعة عمل)"}},{"type":"Feature","geometry":{"type":"LineString","coordinates":[[46.669067,24.673279],[46.669046,24.673346],[46.66899,24.673539],[46.669032,24.67413],[46.668992,24.674533],[46.668893,24.674968],[46.668797,24.675353],[46.668676,24.67563],[46.668512,24.675956],[46.668233,24.67638],[46.668088,24.676708],[46.668064,24.676973],[46.668081,24.677176],[46.668052,24.67731],[46.667983,24.677473],[46.667736,24.677895],[46.667271,24.678679],[46.666917,24.679377],[46.666838,24.679543]]},"properties":{"id":"p049","permitRef":"BLD-2026-0049","group":"roadworks","subtype":"maintenance","status":"ImpactScreening","nextAction":"افحص الأثر","title":"أعمال على طريق الأمير تركي بن عبدالعزيز الأول","street":"طريق الأمير تركي بن عبدالعزيز الأول","roadClass":"arterial","sensitivity":"transit","promoter":"الشركة السعودية للكهرباء","contractor":"مقاولات الخليج","aadt":75692,"lanes":4,"lanesClosed":1,"direction":"جنوب","start":"2026-07-15T23:00:00.000Z","end":"2026-07-27T07:00:00.000Z","windowHours":8,"workDays":11,"severity":1,"confidence":"high","impactVehHours":875,"delayPct":10,"escalate":false,"escalateReason":"","inputsVersion":"v1","version":1,"description":"إغلاق 1 من 4 مسارات — نافذة 8 ساعات يومياً على مدى 11 يوماً (83 ساعة عمل)"}},{"type":"Feature","geometry":{"type":"LineString","coordinates":[[46.660707,24.691619],[46.661215,24.690823],[46.661907,24.689813],[46.662517,24.688821],[46.662691,24.688552],[46.66348,24.687308],[46.66374,24.686942],[46.66385,24.686782],[46.663887,24.686725]]},"properties":{"id":"p050","permitRef":"BLD-2026-0050","group":"diversions","subtype":"development","status":"ImpactScreening","nextAction":"افحص الأثر","title":"أعمال على طريق الأمير تركي بن عبدالعزيز الأول الفرعي","street":"طريق الأمير تركي بن عبدالعزيز الأول الفرعي","roadClass":"local","sensitivity":"transit","promoter":"أمانة منطقة الرياض","contractor":"دار التنفيذ","aadt":49175,"lanes":3,"lanesClosed":1,"direction":"جنوب","start":"2026-07-31T15:00:00.000Z","end":"2026-08-14T23:00:00.000Z","windowHours":8,"workDays":14,"severity":1,"confidence":"high","impactVehHours":4420,"delayPct":13.7,"escalate":false,"escalateReason":"","inputsVersion":"v1","version":1,"description":"إغلاق 1 من 3 مسارات — نافذة 8 ساعات يومياً على مدى 14 يوماً (110 ساعة عمل)"}},{"type":"Feature","geometry":{"type":"LineString","coordinates":[[46.698177,24.702647],[46.697604,24.702407],[46.695478,24.701542],[46.694214,24.700994]]},"properties":{"id":"p051","permitRef":"BLD-2026-0051","group":"roadworks","subtype":"emergency","status":"ImpactScreening","nextAction":"افحص الأثر","title":"أعمال على طريق الأمير محمد بن عبد العزيز","street":"طريق الأمير محمد بن عبد العزيز","roadClass":"major","sensitivity":"normal","promoter":"أمانة منطقة الرياض","contractor":"دار التنفيذ","aadt":73625,"lanes":4,"lanesClosed":1,"direction":"شمال","start":"2026-07-26T07:00:00.000Z","end":"2026-08-05T15:00:00.000Z","windowHours":8,"workDays":10,"severity":1,"confidence":"high","impactVehHours":3532,"delayPct":10.7,"escalate":false,"escalateReason":"","inputsVersion":"v1","version":1,"description":"إغلاق 1 من 4 مسارات — نافذة 8 ساعات يومياً على مدى 10 يوماً (75 ساعة عمل)"}},{"type":"Feature","geometry":{"type":"LineString","coordinates":[[46.681436,24.668372],[46.681083,24.669081],[46.680882,24.669523],[46.680754,24.669764],[46.680673,24.669934],[46.680502,24.67028],[46.680391,24.670503],[46.680163,24.670931],[46.679607,24.672046],[46.679101,24.67318],[46.678827,24.673752],[46.678623,24.674193],[46.678439,24.674677],[46.678371,24.674883],[46.678327,24.675156],[46.678289,24.675383],[46.678274,24.675615],[46.678276,24.67595],[46.678324,24.676418],[46.678407,24.677305],[46.678408,24.677326]]},"properties":{"id":"p052","permitRef":"BLD-2026-0052","group":"roadworks","subtype":"maintenance","status":"StrategyReview","nextAction":"اعتمد أو أرجع","title":"أعمال على طريق التخصصي","street":"طريق التخصصي","roadClass":"arterial","sensitivity":"normal","promoter":"شركة المياه الوطنية","contractor":"البنية المتقدمة","aadt":47659,"lanes":3,"lanesClosed":1,"direction":"شمال","start":"2026-07-30T17:00:00.000Z","end":"2026-08-18T01:00:00.000Z","windowHours":8,"workDays":18,"severity":1,"confidence":"high","impactVehHours":4504,"delayPct":13.4,"escalate":false,"escalateReason":"","inputsVersion":"v1","version":1,"description":"إغلاق 1 من 3 مسارات — نافذة 8 ساعات يومياً على مدى 18 يوماً (143 ساعة عمل)"}},{"type":"Feature","geometry":{"type":"LineString","coordinates":[[46.678335,24.675549],[46.678334,24.675646],[46.678334,24.675837],[46.678344,24.676093],[46.678419,24.676536]]},"properties":{"id":"p053","permitRef":"BLD-2026-0053","group":"roadworks","subtype":"development","status":"ImpactScreening","nextAction":"افحص الأثر","title":"أعمال على طريق التخصصي الفرعي","street":"طريق التخصصي الفرعي","roadClass":"local","sensitivity":"normal","promoter":"الشركة السعودية للغاز","contractor":"مجموعة الفهد الهندسية","aadt":21111,"lanes":2,"lanesClosed":1,"direction":"شمال","start":"2026-07-22T07:00:00.000Z","end":"2026-08-06T15:00:00.000Z","windowHours":8,"workDays":15,"severity":1,"confidence":"high","impactVehHours":1412,"delayPct":10.2,"escalate":false,"escalateReason":"","inputsVersion":"v1","version":1,"description":"إغلاق 1 من 2 مسارات — نافذة 8 ساعات يومياً على مدى 15 يوماً (119 ساعة عمل)"}},{"type":"Feature","geometry":{"type":"LineString","coordinates":[[46.678586,24.7151],[46.678052,24.714867],[46.677024,24.714401],[46.67694,24.714363],[46.676534,24.714176],[46.675947,24.713907],[46.675352,24.713656],[46.675322,24.713642],[46.675292,24.71363],[46.675168,24.713579],[46.675035,24.71353],[46.67499,24.713512],[46.674799,24.71343],[46.674464,24.713286],[46.674408,24.713263],[46.674224,24.713188],[46.673665,24.712934]]},"properties":{"id":"p054","permitRef":"BLD-2026-0054","group":"closures","subtype":"emergency","status":"CoordinationRequired","nextAction":"نسّق مع الجهة المتعارضة","title":"أعمال على طريق العروبة","street":"طريق العروبة","roadClass":"arterial","sensitivity":"normal","promoter":"شركة المياه الوطنية","contractor":"الراجحي للإنشاء","aadt":77068,"lanes":4,"lanesClosed":3,"direction":"شمال","start":"2026-08-02T11:00:00.000Z","end":"2026-08-14T19:00:00.000Z","windowHours":8,"workDays":12,"severity":3,"confidence":"low","impactVehHours":464242,"delayPct":1059.7,"escalate":true,"escalateReason":"التأخير يتجاوز نطاق الفحص السريع المعلن","inputsVersion":"v1","version":1,"description":"إغلاق 3 من 4 مسارات — نافذة 8 ساعات يومياً على مدى 12 يوماً (91 ساعة عمل)"}},{"type":"Feature","geometry":{"type":"Point","coordinates":[46.665417,24.709391]},"properties":{"id":"p055","permitRef":"BLD-2026-0055","group":"pois","subtype":"maintenance","status":"Approved","nextAction":"ثبّت الجدول","title":"أعمال على طريق العروبة الفرعي","street":"طريق العروبة الفرعي","roadClass":"local","sensitivity":"school","promoter":"شركة الاتصالات السعودية","contractor":"الراجحي للإنشاء","aadt":14450,"lanes":2,"lanesClosed":1,"direction":"جنوب","start":"2026-07-24T16:00:00.000Z","end":"2026-08-06T00:00:00.000Z","windowHours":8,"workDays":12,"severity":1,"confidence":"high","impactVehHours":746,"delayPct":10,"escalate":false,"escalateReason":"","inputsVersion":"v1","version":1,"description":"إغلاق 1 من 2 مسارات — نافذة 8 ساعات يومياً على مدى 12 يوماً (94 ساعة عمل)"}},{"type":"Feature","geometry":{"type":"LineString","coordinates":[[46.650996,24.676455],[46.651757,24.67595],[46.652429,24.675502],[46.652559,24.675418],[46.654123,24.674381],[46.654223,24.674315],[46.655333,24.673581],[46.655648,24.673372],[46.657642,24.672066],[46.658132,24.671743]]},"properties":{"id":"p056","permitRef":"BLD-2026-0056","group":"incidents","subtype":"default","status":"StrategyReview","nextAction":"اعتمد أو أرجع","title":"أعمال على طريق الملك خالد","street":"طريق الملك خالد","roadClass":"arterial","sensitivity":"hospital","promoter":"أمانة منطقة الرياض","contractor":"الراجحي للإنشاء","aadt":86889,"lanes":4,"lanesClosed":3,"direction":"شمال","start":"2026-07-20T22:00:00.000Z","end":"2026-08-06T06:00:00.000Z","windowHours":8,"workDays":16,"severity":1,"confidence":"high","impactVehHours":3083,"delayPct":22.6,"escalate":false,"escalateReason":"","inputsVersion":"v1","version":1,"description":"إغلاق 3 من 4 مسارات — نافذة 8 ساعات يومياً على مدى 16 يوماً (121 ساعة عمل)"}},{"type":"Feature","geometry":{"type":"LineString","coordinates":[[46.718221,24.686905],[46.71822,24.687217],[46.718223,24.687853],[46.718234,24.688106],[46.718235,24.688428],[46.718168,24.688701],[46.718147,24.689923],[46.718118,24.691175],[46.718104,24.69197],[46.718103,24.692395],[46.718094,24.692947],[46.718073,24.694197]]},"properties":{"id":"p057","permitRef":"BLD-2026-0057","group":"roadworks","subtype":"development","status":"Approved","nextAction":"ثبّت الجدول","title":"أعمال على طريق الملك عبدالعزيز","street":"طريق الملك عبدالعزيز","roadClass":"major","sensitivity":"school","promoter":"الشركة السعودية للكهرباء","contractor":"البنية المتقدمة","aadt":82555,"lanes":4,"lanesClosed":1,"direction":"جنوب","start":"2026-07-27T09:00:00.000Z","end":"2026-08-06T17:00:00.000Z","windowHours":8,"workDays":10,"severity":1,"confidence":"high","impactVehHours":3310,"delayPct":10,"escalate":false,"escalateReason":"","inputsVersion":"v1","version":1,"description":"إغلاق 1 من 4 مسارات — نافذة 8 ساعات يومياً على مدى 10 يوماً (75 ساعة عمل)"}},{"type":"Feature","geometry":{"type":"LineString","coordinates":[[46.685658,24.736198],[46.685648,24.73622],[46.685527,24.736385],[46.685491,24.736421],[46.685447,24.736461],[46.685351,24.736539],[46.685273,24.736584],[46.685197,24.736617],[46.685144,24.736653],[46.685064,24.736704],[46.685006,24.736732],[46.684926,24.736753],[46.684845,24.736759],[46.684677,24.736765],[46.684542,24.736731],[46.684486,24.736707]]},"properties":{"id":"p058","permitRef":"BLD-2026-0058","group":"closures","subtype":"maintenance","status":"ImpactScreening","nextAction":"افحص الأثر","title":"أعمال على طريق الملك عبدالعزيز الفرعي","street":"طريق الملك عبدالعزيز الفرعي","roadClass":"local","sensitivity":"school","promoter":"شركة الاتصالات السعودية","contractor":"البنية المتقدمة","aadt":51157,"lanes":3,"lanesClosed":1,"direction":"جنوب","start":"2026-07-15T14:00:00.000Z","end":"2026-08-14T22:00:00.000Z","windowHours":8,"workDays":30,"severity":2,"confidence":"medium","impactVehHours":11197,"delayPct":15,"escalate":false,"escalateReason":"","inputsVersion":"v1","version":1,"description":"إغلاق 1 من 3 مسارات — نافذة 8 ساعات يومياً على مدى 30 يوماً (233 ساعة عمل)"}},{"type":"Feature","geometry":{"type":"LineString","coordinates":[[46.664681,24.728151],[46.663384,24.727606],[46.663099,24.727491],[46.659896,24.726163],[46.658574,24.725606]]},"properties":{"id":"p059","permitRef":"BLD-2026-0059","group":"diversions","subtype":"default","status":"StrategyReview","nextAction":"اعتمد أو أرجع","title":"أعمال على طريق الملك عبدالله","street":"طريق الملك عبدالله","roadClass":"arterial","sensitivity":"school","promoter":"هيئة تطوير مدينة الرياض","contractor":"مقاولات الخليج","aadt":48449,"lanes":3,"lanesClosed":1,"direction":"شمال","start":"2026-07-09T15:00:00.000Z","end":"2026-07-31T23:00:00.000Z","windowHours":8,"workDays":22,"severity":1,"confidence":"high","impactVehHours":6627,"delayPct":13.3,"escalate":false,"escalateReason":"","inputsVersion":"v1","version":1,"description":"إغلاق 1 من 3 مسارات — نافذة 8 ساعات يومياً على مدى 22 يوماً (171 ساعة عمل)"}},{"type":"Feature","geometry":{"type":"LineString","coordinates":[[46.683296,24.689788],[46.68279,24.690809],[46.682662,24.691087],[46.681951,24.692436],[46.681378,24.69356],[46.681078,24.694109],[46.680812,24.694669],[46.680312,24.695644],[46.679117,24.698128],[46.678856,24.698646]]},"properties":{"id":"p060","permitRef":"BLD-2026-0060","group":"roadworks","subtype":"default","status":"Deployed","nextAction":"راقب القياس","title":"أعمال على طريق الملك فهد","street":"طريق الملك فهد","roadClass":"arterial","sensitivity":"normal","promoter":"أمانة منطقة الرياض","contractor":"الراجحي للإنشاء","aadt":36871,"lanes":3,"lanesClosed":1,"direction":"جنوب","start":"2026-07-15T11:00:00.000Z","end":"2026-07-18T19:00:00.000Z","windowHours":8,"workDays":3,"severity":1,"confidence":"high","impactVehHours":506,"delayPct":10,"escalate":false,"escalateReason":"","inputsVersion":"v1","version":1,"description":"إغلاق 1 من 3 مسارات — نافذة 8 ساعات يومياً على مدى 3 يوماً (24 ساعة عمل)"}},{"type":"Feature","geometry":{"type":"LineString","coordinates":[[46.706859,24.617342],[46.706796,24.617869],[46.706563,24.619831],[46.706264,24.621899],[46.706189,24.622503],[46.70614,24.6229],[46.70611,24.62311],[46.706093,24.623469],[46.70608,24.623742],[46.705887,24.625352],[46.705817,24.625915],[46.705809,24.626048],[46.705743,24.626394],[46.705633,24.627049],[46.705598,24.627633],[46.705598,24.62793]]},"properties":{"id":"p061","permitRef":"BLD-2026-0061","group":"roadworks","subtype":"default","status":"ImpactScreening","nextAction":"افحص الأثر","title":"أعمال على طريق الملك فهد الفرعي","street":"طريق الملك فهد الفرعي","roadClass":"arterial","sensitivity":"hospital","promoter":"شركة الاتصالات السعودية","contractor":"الراجحي للإنشاء","aadt":14579,"lanes":2,"lanesClosed":1,"direction":"شمال","start":"2026-07-28T10:00:00.000Z","end":"2026-08-01T18:00:00.000Z","windowHours":8,"workDays":4,"severity":1,"confidence":"high","impactVehHours":239,"delayPct":10,"escalate":false,"escalateReason":"","inputsVersion":"v1","version":1,"description":"إغلاق 1 من 2 مسارات — نافذة 8 ساعات يومياً على مدى 4 يوماً (27 ساعة عمل)"}},{"type":"Feature","geometry":{"type":"LineString","coordinates":[[46.721913,24.704959],[46.721927,24.704942],[46.722024,24.704776],[46.72211,24.704581],[46.722171,24.704379],[46.72219,24.704142],[46.722257,24.703416],[46.722272,24.703301]]},"properties":{"id":"p062","permitRef":"BLD-2026-0062","group":"roadworks","subtype":"default","status":"ImpactScreening","nextAction":"افحص الأثر","title":"أعمال على طريق صلاح الدين الأيوبي","street":"طريق صلاح الدين الأيوبي","roadClass":"arterial","sensitivity":"school","promoter":"شركة المياه الوطنية","contractor":"البنية المتقدمة","aadt":49415,"lanes":3,"lanesClosed":1,"direction":"شمال","start":"2026-07-14T18:00:00.000Z","end":"2026-07-20T02:00:00.000Z","windowHours":8,"workDays":5,"severity":1,"confidence":"high","impactVehHours":1182,"delayPct":14.8,"escalate":false,"escalateReason":"","inputsVersion":"v1","version":1,"description":"إغلاق 1 من 3 مسارات — نافذة 8 ساعات يومياً على مدى 5 يوماً (33 ساعة عمل)"}},{"type":"Feature","geometry":{"type":"LineString","coordinates":[[46.662933,24.675065],[46.663001,24.675079],[46.663497,24.675129],[46.6638,24.675141],[46.664311,24.675134],[46.664629,24.67512],[46.664937,24.67509],[46.6656,24.675053],[46.666913,24.674967],[46.668243,24.674876],[46.668557,24.674849]]},"properties":{"id":"p063","permitRef":"BLD-2026-0063","group":"closures","subtype":"default","status":"Completed","nextAction":"افحص إعادة الطريق","title":"أعمال على طريق مكة المكرمة","street":"طريق مكة المكرمة","roadClass":"arterial","sensitivity":"transit","promoter":"شركة الاتصالات السعودية","contractor":"البنية المتقدمة","aadt":87565,"lanes":4,"lanesClosed":3,"direction":"جنوب","start":"2026-07-18T15:00:00.000Z","end":"2026-08-14T23:00:00.000Z","windowHours":8,"workDays":27,"severity":3,"confidence":"low","impactVehHours":2231408,"delayPct":1910.5,"escalate":true,"escalateReason":"التأخير يتجاوز نطاق الفحص السريع المعلن","inputsVersion":"v1","version":1,"description":"إغلاق 3 من 4 مسارات — نافذة 8 ساعات يومياً على مدى 27 يوماً (215 ساعة عمل)"}},{"type":"Feature","geometry":{"type":"LineString","coordinates":[[46.671886,24.675279],[46.671013,24.675204],[46.670558,24.675188],[46.669671,24.675151],[46.669258,24.67519],[46.669189,24.675169],[46.669144,24.675145],[46.669079,24.675069],[46.669075,24.675049]]},"properties":{"id":"p064","permitRef":"BLD-2026-0064","group":"roadworks","subtype":"emergency","status":"CoordinationRequired","nextAction":"نسّق مع الجهة المتعارضة","title":"أعمال على طريق مكة المكرمة الفرعي","street":"طريق مكة المكرمة الفرعي","roadClass":"arterial","sensitivity":"transit","promoter":"الشركة السعودية للكهرباء","contractor":"دار التنفيذ","aadt":79733,"lanes":4,"lanesClosed":3,"direction":"جنوب","start":"2026-07-20T12:00:00.000Z","end":"2026-07-30T20:00:00.000Z","windowHours":8,"workDays":10,"severity":3,"confidence":"low","impactVehHours":527170,"delayPct":1309.4,"escalate":true,"escalateReason":"التأخير يتجاوز نطاق الفحص السريع المعلن","inputsVersion":"v1","version":1,"description":"إغلاق 3 من 4 مسارات — نافذة 8 ساعات يومياً على مدى 10 يوماً (80 ساعة عمل)"}},{"type":"Feature","geometry":{"type":"LineString","coordinates":[[46.701986,24.693506],[46.702081,24.693729],[46.702378,24.694435],[46.702509,24.694762],[46.702736,24.695321],[46.703089,24.696264],[46.703199,24.696518],[46.703251,24.696629],[46.703285,24.696716],[46.703362,24.696912],[46.703461,24.69716],[46.703734,24.69786],[46.703774,24.697964],[46.70396,24.69842]]},"properties":{"id":"p065","permitRef":"BLD-2026-0065","group":"closures","subtype":"maintenance","status":"Completed","nextAction":"افحص إعادة الطريق","title":"أعمال على عبد العزيز بن مساعد بن جلوي","street":"عبد العزيز بن مساعد بن جلوي","roadClass":"arterial","sensitivity":"normal","promoter":"الشركة السعودية للغاز","contractor":"الراجحي للإنشاء","aadt":49017,"lanes":3,"lanesClosed":2,"direction":"جنوب","start":"2026-07-27T10:00:00.000Z","end":"2026-08-12T18:00:00.000Z","windowHours":8,"workDays":16,"severity":2,"confidence":"medium","impactVehHours":27328,"delayPct":84.3,"escalate":false,"escalateReason":"","inputsVersion":"v1","version":1,"description":"إغلاق 2 من 3 مسارات — نافذة 8 ساعات يومياً على مدى 16 يوماً (125 ساعة عمل)"}},{"type":"Feature","geometry":{"type":"LineString","coordinates":[[46.703182,24.730854],[46.702927,24.730741],[46.702306,24.730481],[46.701062,24.729936],[46.700953,24.729778],[46.701138,24.729771]]},"properties":{"id":"p066","permitRef":"BLD-2026-0066","group":"roadworks","subtype":"emergency","status":"StrategyReview","nextAction":"اعتمد أو أرجع","title":"أعمال على عبدالرحمن بن حسن القصيبي","street":"عبدالرحمن بن حسن القصيبي","roadClass":"local","sensitivity":"normal","promoter":"شركة المياه الوطنية","contractor":"البنية المتقدمة","aadt":14097,"lanes":2,"lanesClosed":1,"direction":"شمال","start":"2026-07-23T15:00:00.000Z","end":"2026-08-01T23:00:00.000Z","windowHours":8,"workDays":9,"severity":1,"confidence":"high","impactVehHours":580,"delayPct":10,"escalate":false,"escalateReason":"","inputsVersion":"v1","version":1,"description":"إغلاق 1 من 2 مسارات — نافذة 8 ساعات يومياً على مدى 9 يوماً (68 ساعة عمل)"}},{"type":"Feature","geometry":{"type":"LineString","coordinates":[[46.662663,24.700177],[46.662958,24.69958],[46.663044,24.699484],[46.663044,24.699623],[46.662685,24.700418]]},"properties":{"id":"p067","permitRef":"BLD-2026-0067","group":"roadworks","subtype":"development","status":"ImpactScreening","nextAction":"افحص الأثر","title":"أعمال على عبدالرحمن بن سعد بن سعيد","street":"عبدالرحمن بن سعد بن سعيد","roadClass":"local","sensitivity":"normal","promoter":"شركة الاتصالات السعودية","contractor":"مجموعة الفهد الهندسية","aadt":10584,"lanes":2,"lanesClosed":1,"direction":"جنوب","start":"2026-07-31T18:00:00.000Z","end":"2026-08-09T02:00:00.000Z","windowHours":8,"workDays":8,"severity":1,"confidence":"high","impactVehHours":266,"delayPct":10,"escalate":false,"escalateReason":"","inputsVersion":"v1","version":1,"description":"إغلاق 1 من 2 مسارات — نافذة 8 ساعات يومياً على مدى 8 يوماً (64 ساعة عمل)"}},{"type":"Feature","geometry":{"type":"LineString","coordinates":[[46.691354,24.704553],[46.691434,24.704051],[46.691465,24.703866]]},"properties":{"id":"p068","permitRef":"BLD-2026-0068","group":"closures","subtype":"default","status":"Completed","nextAction":"افحص إعادة الطريق","title":"أعمال على عبدالله بن سليمان الحمدان","street":"عبدالله بن سليمان الحمدان","roadClass":"local","sensitivity":"normal","promoter":"أمانة منطقة الرياض","contractor":"مقاولات الخليج","aadt":15240,"lanes":2,"lanesClosed":1,"direction":"جنوب","start":"2026-07-08T19:00:00.000Z","end":"2026-08-05T03:00:00.000Z","windowHours":8,"workDays":27,"severity":1,"confidence":"high","impactVehHours":943,"delayPct":10,"escalate":false,"escalateReason":"","inputsVersion":"v1","version":1,"description":"إغلاق 1 من 2 مسارات — نافذة 8 ساعات يومياً على مدى 27 يوماً (212 ساعة عمل)"}},{"type":"Feature","geometry":{"type":"LineString","coordinates":[[46.687813,24.671112],[46.68833,24.671326],[46.688421,24.671363]]},"properties":{"id":"p069","permitRef":"BLD-2026-0069","group":"roadworks","subtype":"development","status":"Approved","nextAction":"ثبّت الجدول","title":"أعمال على عبدالملك بن مروان","street":"عبدالملك بن مروان","roadClass":"local","sensitivity":"normal","promoter":"شركة المياه الوطنية","contractor":"مقاولات الخليج","aadt":84011,"lanes":4,"lanesClosed":1,"direction":"جنوب","start":"2026-07-09T14:00:00.000Z","end":"2026-07-15T22:00:00.000Z","windowHours":8,"workDays":6,"severity":1,"confidence":"high","impactVehHours":4241,"delayPct":16.6,"escalate":false,"escalateReason":"","inputsVersion":"v1","version":1,"description":"إغلاق 1 من 4 مسارات — نافذة 8 ساعات يومياً على مدى 6 يوماً (44 ساعة عمل)"}},{"type":"Feature","geometry":{"type":"Point","coordinates":[46.678354,24.742033]},"properties":{"id":"p070","permitRef":"BLD-2026-0070","group":"pois","subtype":"development","status":"Scheduled","nextAction":"انشر الإغلاق","title":"أعمال على محمد حامد الفقي","street":"محمد حامد الفقي","roadClass":"local","sensitivity":"normal","promoter":"أمانة منطقة الرياض","contractor":"البنية المتقدمة","aadt":83255,"lanes":4,"lanesClosed":3,"direction":"جنوب","start":"2026-07-29T11:00:00.000Z","end":"2026-08-12T19:00:00.000Z","windowHours":8,"workDays":14,"severity":3,"confidence":"low","impactVehHours":796842,"delayPct":1421.9,"escalate":true,"escalateReason":"التأخير يتجاوز نطاق الفحص السريع المعلن","inputsVersion":"v1","version":1,"description":"إغلاق 3 من 4 مسارات — نافذة 8 ساعات يومياً على مدى 14 يوماً (109 ساعة عمل)"}},{"type":"Feature","geometry":{"type":"LineString","coordinates":[[46.667693,24.698103],[46.666901,24.697761],[46.666714,24.697687],[46.666526,24.697612],[46.665209,24.697063],[46.665097,24.697016]]},"properties":{"id":"p071","permitRef":"BLD-2026-0071","group":"roadworks","subtype":"default","status":"Scheduled","nextAction":"انشر الإغلاق","title":"أعمال على موسى بن نصير","street":"موسى بن نصير","roadClass":"local","sensitivity":"school","promoter":"الشركة السعودية للغاز","contractor":"دار التنفيذ","aadt":78172,"lanes":4,"lanesClosed":3,"direction":"جنوب","start":"2026-07-09T14:00:00.000Z","end":"2026-07-29T22:00:00.000Z","windowHours":8,"workDays":20,"severity":3,"confidence":"low","impactVehHours":951139,"delayPct":1222,"escalate":true,"escalateReason":"التأخير يتجاوز نطاق الفحص السريع المعلن","inputsVersion":"v1","version":1,"description":"إغلاق 3 من 4 مسارات — نافذة 8 ساعات يومياً على مدى 20 يوماً (153 ساعة عمل)"}},{"type":"Feature","geometry":{"type":"LineString","coordinates":[[46.712178,24.721063],[46.714648,24.717854]]},"properties":{"id":"p072","permitRef":"BLD-2026-0072","group":"closures","subtype":"maintenance","status":"Scheduled","nextAction":"انشر الإغلاق","title":"أعمال على نفق أبي بكر الصديق","street":"نفق أبي بكر الصديق","roadClass":"arterial","sensitivity":"normal","promoter":"شركة الاتصالات السعودية","contractor":"دار التنفيذ","aadt":47369,"lanes":3,"lanesClosed":2,"direction":"جنوب","start":"2026-07-14T23:00:00.000Z","end":"2026-07-24T07:00:00.000Z","windowHours":8,"workDays":9,"severity":1,"confidence":"high","impactVehHours":458,"delayPct":10.2,"escalate":false,"escalateReason":"","inputsVersion":"v1","version":1,"description":"إغلاق 2 من 3 مسارات — نافذة 8 ساعات يومياً على مدى 9 يوماً (71 ساعة عمل)"}},{"type":"Feature","geometry":{"type":"LineString","coordinates":[[46.711099,24.690735],[46.710701,24.690827],[46.710568,24.690858],[46.709538,24.691094]]},"properties":{"id":"p073","permitRef":"BLD-2026-0073","group":"incidents","subtype":"maintenance","status":"ImpactScreening","nextAction":"افحص الأثر","title":"أعمال على ابي بكر الرازي","street":"ابي بكر الرازي","roadClass":"local","sensitivity":"hospital","promoter":"أمانة منطقة الرياض","contractor":"مجموعة الفهد الهندسية","aadt":83615,"lanes":4,"lanesClosed":2,"direction":"شمال","start":"2026-07-11T08:00:00.000Z","end":"2026-08-09T16:00:00.000Z","windowHours":8,"workDays":29,"severity":3,"confidence":"low","impactVehHours":52616,"delayPct":50.4,"escalate":false,"escalateReason":"","inputsVersion":"v1","version":1,"description":"إغلاق 2 من 4 مسارات — نافذة 8 ساعات يومياً على مدى 29 يوماً (230 ساعة عمل)"}},{"type":"Feature","geometry":{"type":"LineString","coordinates":[[46.691684,24.663057],[46.690942,24.663985]]},"properties":{"id":"p074","permitRef":"BLD-2026-0074","group":"diversions","subtype":"default","status":"ImpactScreening","nextAction":"افحص الأثر","title":"أعمال على الأستاذ عثمان الصالح","street":"الأستاذ عثمان الصالح","roadClass":"local","sensitivity":"transit","promoter":"شركة الاتصالات السعودية","contractor":"مقاولات الخليج","aadt":36876,"lanes":3,"lanesClosed":1,"direction":"جنوب","start":"2026-07-13T10:00:00.000Z","end":"2026-08-11T18:00:00.000Z","windowHours":8,"workDays":29,"severity":1,"confidence":"high","impactVehHours":4389,"delayPct":10,"escalate":false,"escalateReason":"","inputsVersion":"v1","version":1,"description":"إغلاق 1 من 3 مسارات — نافذة 8 ساعات يومياً على مدى 29 يوماً (228 ساعة عمل)"}},{"type":"Feature","geometry":{"type":"LineString","coordinates":[[46.714069,24.663123],[46.713894,24.663093],[46.713602,24.662976],[46.713404,24.662883],[46.711946,24.662226],[46.71187,24.662191]]},"properties":{"id":"p075","permitRef":"BLD-2026-0075","group":"roadworks","subtype":"emergency","status":"Completed","nextAction":"افحص إعادة الطريق","title":"أعمال على الإمام عبدالله بن فيصل","street":"الإمام عبدالله بن فيصل","roadClass":"local","sensitivity":"hospital","promoter":"الشركة السعودية للكهرباء","contractor":"مقاولات الخليج","aadt":87445,"lanes":4,"lanesClosed":3,"direction":"جنوب","start":"2026-07-22T22:00:00.000Z","end":"2026-08-06T06:00:00.000Z","windowHours":8,"workDays":14,"severity":1,"confidence":"high","impactVehHours":2769,"delayPct":23.1,"escalate":false,"escalateReason":"","inputsVersion":"v1","version":1,"description":"إغلاق 3 من 4 مسارات — نافذة 8 ساعات يومياً على مدى 14 يوماً (109 ساعة عمل)"}},{"type":"Feature","geometry":{"type":"LineString","coordinates":[[46.676086,24.735908],[46.676057,24.735964],[46.675728,24.736605]]},"properties":{"id":"p076","permitRef":"BLD-2026-0076","group":"roadworks","subtype":"default","status":"CompletenessReview","nextAction":"أكمل البيانات الناقصة","title":"أعمال على الأمير أحمد بن عبدالعزيز","street":"الأمير أحمد بن عبدالعزيز","roadClass":"local","sensitivity":"normal","promoter":"شركة المياه الوطنية","contractor":"مجموعة الفهد الهندسية","aadt":11260,"lanes":2,"lanesClosed":1,"direction":"شمال","start":"2026-07-19T09:00:00.000Z","end":"2026-08-11T17:00:00.000Z","windowHours":8,"workDays":23,"severity":1,"confidence":"high","impactVehHours":1020,"delayPct":10,"escalate":false,"escalateReason":"","inputsVersion":"v1","version":1,"description":"إغلاق 1 من 2 مسارات — نافذة 8 ساعات يومياً على مدى 23 يوماً (177 ساعة عمل)"}},{"type":"Feature","geometry":{"type":"LineString","coordinates":[[46.667553,24.678492],[46.667364,24.678874]]},"properties":{"id":"p077","permitRef":"BLD-2026-0077","group":"roadworks","subtype":"emergency","status":"StrategyReview","nextAction":"اعتمد أو أرجع","title":"أعمال على الأمير تركي بن عبدالعزيز الأول","street":"الأمير تركي بن عبدالعزيز الأول","roadClass":"local","sensitivity":"normal","promoter":"الشركة السعودية للغاز","contractor":"البنية المتقدمة","aadt":86726,"lanes":4,"lanesClosed":2,"direction":"شمال","start":"2026-07-16T07:00:00.000Z","end":"2026-07-30T15:00:00.000Z","windowHours":8,"workDays":14,"severity":2,"confidence":"medium","impactVehHours":38691,"delayPct":69.4,"escalate":false,"escalateReason":"","inputsVersion":"v1","version":1,"description":"إغلاق 2 من 4 مسارات — نافذة 8 ساعات يومياً على مدى 14 يوماً (112 ساعة عمل)"}},{"type":"Feature","geometry":{"type":"LineString","coordinates":[[46.665245,24.744395],[46.66497,24.74493]]},"properties":{"id":"p078","permitRef":"BLD-2026-0078","group":"roadworks","subtype":"development","status":"StrategyReview","nextAction":"اعتمد أو أرجع","title":"أعمال على الأمير جلوي بن تركي بن عبدالله","street":"الأمير جلوي بن تركي بن عبدالله","roadClass":"local","sensitivity":"school","promoter":"الشركة السعودية للكهرباء","contractor":"مجموعة الفهد الهندسية","aadt":88318,"lanes":4,"lanesClosed":1,"direction":"شمال","start":"2026-08-02T22:00:00.000Z","end":"2026-08-14T06:00:00.000Z","windowHours":8,"workDays":11,"severity":1,"confidence":"high","impactVehHours":953,"delayPct":10,"escalate":false,"escalateReason":"","inputsVersion":"v1","version":1,"description":"إغلاق 1 من 4 مسارات — نافذة 8 ساعات يومياً على مدى 11 يوماً (88 ساعة عمل)"}},{"type":"Feature","geometry":{"type":"Point","coordinates":[46.697757,24.658992]},"properties":{"id":"p079","permitRef":"BLD-2026-0079","group":"pois","subtype":"development","status":"CoordinationRequired","nextAction":"نسّق مع الجهة المتعارضة","title":"أعمال على الأمير سعد بن عبدالعزيز","street":"الأمير سعد بن عبدالعزيز","roadClass":"local","sensitivity":"normal","promoter":"الشركة السعودية للكهرباء","contractor":"البنية المتقدمة","aadt":14226,"lanes":2,"lanesClosed":1,"direction":"جنوب","start":"2026-07-08T22:00:00.000Z","end":"2026-07-19T06:00:00.000Z","windowHours":8,"workDays":10,"severity":1,"confidence":"high","impactVehHours":139,"delayPct":10,"escalate":false,"escalateReason":"","inputsVersion":"v1","version":1,"description":"إغلاق 1 من 2 مسارات — نافذة 8 ساعات يومياً على مدى 10 يوماً (80 ساعة عمل)"}},{"type":"Feature","geometry":{"type":"LineString","coordinates":[[46.68923,24.651806],[46.689465,24.651306],[46.689688,24.650863],[46.689766,24.650715]]},"properties":{"id":"p080","permitRef":"BLD-2026-0080","group":"incidents","subtype":"emergency","status":"StrategyReview","nextAction":"اعتمد أو أرجع","title":"أعمال على الأمير سعود بن فيصل بن عبدالعزيز","street":"الأمير سعود بن فيصل بن عبدالعزيز","roadClass":"arterial","sensitivity":"hospital","promoter":"شركة الاتصالات السعودية","contractor":"الراجحي للإنشاء","aadt":42028,"lanes":3,"lanesClosed":1,"direction":"جنوب","start":"2026-07-19T22:00:00.000Z","end":"2026-08-06T06:00:00.000Z","windowHours":8,"workDays":17,"severity":1,"confidence":"high","impactVehHours":700,"delayPct":10,"escalate":false,"escalateReason":"","inputsVersion":"v1","version":1,"description":"إغلاق 1 من 3 مسارات — نافذة 8 ساعات يومياً على مدى 17 يوماً (131 ساعة عمل)"}},{"type":"Feature","geometry":{"type":"LineString","coordinates":[[46.681647,24.674025],[46.681218,24.673926],[46.680777,24.673794],[46.680661,24.673766],[46.680473,24.673711]]},"properties":{"id":"p081","permitRef":"BLD-2026-0081","group":"closures","subtype":"maintenance","status":"ImpactScreening","nextAction":"افحص الأثر","title":"أعمال على الأمير سعود بن ناصر بن فرحان آل سعود","street":"الأمير سعود بن ناصر بن فرحان آل سعود","roadClass":"local","sensitivity":"normal","promoter":"الشركة السعودية للغاز","contractor":"دار التنفيذ","aadt":37562,"lanes":3,"lanesClosed":2,"direction":"شمال","start":"2026-07-08T12:00:00.000Z","end":"2026-07-12T20:00:00.000Z","windowHours":8,"workDays":4,"severity":1,"confidence":"high","impactVehHours":4851,"delayPct":66.8,"escalate":false,"escalateReason":"","inputsVersion":"v1","version":1,"description":"إغلاق 2 من 3 مسارات — نافذة 8 ساعات يومياً على مدى 4 يوماً (27 ساعة عمل)"}},{"type":"Feature","geometry":{"type":"LineString","coordinates":[[46.671249,24.722029],[46.671107,24.72197],[46.670984,24.721922],[46.670856,24.721868],[46.670804,24.721845],[46.670665,24.721784],[46.669288,24.721183],[46.668905,24.721053]]},"properties":{"id":"p082","permitRef":"BLD-2026-0082","group":"closures","subtype":"development","status":"CoordinationRequired","nextAction":"نسّق مع الجهة المتعارضة","title":"أعمال على الأمير سلطان بن سلمان بن عبدالعزيز","street":"الأمير سلطان بن سلمان بن عبدالعزيز","roadClass":"local","sensitivity":"school","promoter":"هيئة تطوير مدينة الرياض","contractor":"الراجحي للإنشاء","aadt":73698,"lanes":4,"lanesClosed":2,"direction":"شمال","start":"2026-07-29T23:00:00.000Z","end":"2026-08-29T07:00:00.000Z","windowHours":8,"workDays":30,"severity":1,"confidence":"high","impactVehHours":2324,"delayPct":10,"escalate":false,"escalateReason":"","inputsVersion":"v1","version":1,"description":"إغلاق 2 من 4 مسارات — نافذة 8 ساعات يومياً على مدى 30 يوماً (236 ساعة عمل)"}},{"type":"Feature","geometry":{"type":"LineString","coordinates":[[46.666952,24.681175],[46.666673,24.681053],[46.666631,24.681023],[46.666603,24.680988],[46.66662,24.68095],[46.666728,24.680948],[46.668194,24.681557],[46.668585,24.681717],[46.668901,24.681851],[46.669659,24.682164],[46.669753,24.682203],[46.670876,24.682676],[46.670997,24.682731],[46.67123,24.682821],[46.671241,24.682826]]},"properties":{"id":"p083","permitRef":"BLD-2026-0083","group":"roadworks","subtype":"development","status":"StrategyReview","nextAction":"اعتمد أو أرجع","title":"أعمال على الأمير سلطان بن عبدالعزيز","street":"الأمير سلطان بن عبدالعزيز","roadClass":"local","sensitivity":"normal","promoter":"شركة المياه الوطنية","contractor":"البنية المتقدمة","aadt":36403,"lanes":3,"lanesClosed":1,"direction":"جنوب","start":"2026-07-27T14:00:00.000Z","end":"2026-08-16T22:00:00.000Z","windowHours":8,"workDays":20,"severity":1,"confidence":"high","impactVehHours":3477,"delayPct":10,"escalate":false,"escalateReason":"","inputsVersion":"v1","version":1,"description":"إغلاق 1 من 3 مسارات — نافذة 8 ساعات يومياً على مدى 20 يوماً (155 ساعة عمل)"}},{"type":"Feature","geometry":{"type":"LineString","coordinates":[[46.712026,24.662023],[46.712,24.662089],[46.711946,24.662226],[46.711695,24.662802],[46.711267,24.663894],[46.711204,24.664058],[46.711078,24.664406],[46.710953,24.664718],[46.710814,24.665082],[46.710548,24.665745],[46.710501,24.665871],[46.710472,24.665946],[46.710448,24.666001],[46.710392,24.66615]]},"properties":{"id":"p084","permitRef":"BLD-2026-0084","group":"roadworks","subtype":"emergency","status":"CoordinationRequired","nextAction":"نسّق مع الجهة المتعارضة","title":"أعمال على الأمير عبدالرحمن بن عبدالعزيز","street":"الأمير عبدالرحمن بن عبدالعزيز","roadClass":"local","sensitivity":"school","promoter":"أمانة منطقة الرياض","contractor":"مقاولات الخليج","aadt":72179,"lanes":4,"lanesClosed":3,"direction":"شمال","start":"2026-07-19T17:00:00.000Z","end":"2026-08-16T01:00:00.000Z","windowHours":8,"workDays":27,"severity":3,"confidence":"low","impactVehHours":781148,"delayPct":1007.8,"escalate":true,"escalateReason":"التأخير يتجاوز نطاق الفحص السريع المعلن","inputsVersion":"v1","version":1,"description":"إغلاق 3 من 4 مسارات — نافذة 8 ساعات يومياً على مدى 27 يوماً (210 ساعة عمل)"}},{"type":"Feature","geometry":{"type":"LineString","coordinates":[[46.708012,24.664376],[46.708135,24.664049],[46.708619,24.662823],[46.708699,24.662613],[46.708872,24.662156],[46.709314,24.660989],[46.709384,24.660882],[46.7094,24.66084]]},"properties":{"id":"p085","permitRef":"BLD-2026-0085","group":"closures","subtype":"default","status":"Completed","nextAction":"افحص إعادة الطريق","title":"أعمال على الأمير عبدالعزيز بن مساعد بن جلوي","street":"الأمير عبدالعزيز بن مساعد بن جلوي","roadClass":"arterial","sensitivity":"normal","promoter":"هيئة تطوير مدينة الرياض","contractor":"الراجحي للإنشاء","aadt":50575,"lanes":3,"lanesClosed":1,"direction":"جنوب","start":"2026-07-20T14:00:00.000Z","end":"2026-08-12T22:00:00.000Z","windowHours":8,"workDays":23,"severity":2,"confidence":"medium","impactVehHours":8232,"delayPct":14.5,"escalate":false,"escalateReason":"","inputsVersion":"v1","version":1,"description":"إغلاق 1 من 3 مسارات — نافذة 8 ساعات يومياً على مدى 23 يوماً (179 ساعة عمل)"}},{"type":"Feature","geometry":{"type":"LineString","coordinates":[[46.695267,24.658452],[46.695035,24.658337],[46.693988,24.657902]]},"properties":{"id":"p086","permitRef":"BLD-2026-0086","group":"roadworks","subtype":"default","status":"CoordinationRequired","nextAction":"نسّق مع الجهة المتعارضة","title":"أعمال على الأمير فهد بن سلمان بن عبدالعزيز","street":"الأمير فهد بن سلمان بن عبدالعزيز","roadClass":"local","sensitivity":"transit","promoter":"شركة المياه الوطنية","contractor":"مقاولات الخليج","aadt":43560,"lanes":3,"lanesClosed":2,"direction":"جنوب","start":"2026-07-13T14:00:00.000Z","end":"2026-08-03T22:00:00.000Z","windowHours":8,"workDays":21,"severity":3,"confidence":"low","impactVehHours":53201,"delayPct":120.8,"escalate":false,"escalateReason":"","inputsVersion":"v1","version":1,"description":"إغلاق 2 من 3 مسارات — نافذة 8 ساعات يومياً على مدى 21 يوماً (168 ساعة عمل)"}},{"type":"Feature","geometry":{"type":"LineString","coordinates":[[46.703085,24.662331],[46.703172,24.662373],[46.703322,24.66246],[46.703863,24.662712],[46.704389,24.662965],[46.704977,24.663247],[46.705428,24.663463],[46.705674,24.663581]]},"properties":{"id":"p087","permitRef":"BLD-2026-0087","group":"closures","subtype":"default","status":"CoordinationRequired","nextAction":"نسّق مع الجهة المتعارضة","title":"أعمال على الامير فيصل بن تركي بن عبد العزيز","street":"الامير فيصل بن تركي بن عبد العزيز","roadClass":"major","sensitivity":"transit","promoter":"شركة الاتصالات السعودية","contractor":"مجموعة الفهد الهندسية","aadt":43869,"lanes":3,"lanesClosed":2,"direction":"شمال","start":"2026-07-10T15:00:00.000Z","end":"2026-07-17T23:00:00.000Z","windowHours":8,"workDays":7,"severity":2,"confidence":"medium","impactVehHours":18162,"delayPct":127.4,"escalate":false,"escalateReason":"","inputsVersion":"v1","version":1,"description":"إغلاق 2 من 3 مسارات — نافذة 8 ساعات يومياً على مدى 7 يوماً (50 ساعة عمل)"}},{"type":"Feature","geometry":{"type":"LineString","coordinates":[[46.71444,24.700794],[46.714657,24.701302],[46.714865,24.701766],[46.71491,24.701865],[46.714932,24.701921],[46.715015,24.702094]]},"properties":{"id":"p088","permitRef":"BLD-2026-0088","group":"roadworks","subtype":"maintenance","status":"CoordinationRequired","nextAction":"نسّق مع الجهة المتعارضة","title":"أعمال على الأمير مساعد بن عبدالعزيز","street":"الأمير مساعد بن عبدالعزيز","roadClass":"local","sensitivity":"transit","promoter":"هيئة تطوير مدينة الرياض","contractor":"مجموعة الفهد الهندسية","aadt":49902,"lanes":3,"lanesClosed":1,"direction":"شمال","start":"2026-07-13T10:00:00.000Z","end":"2026-08-08T18:00:00.000Z","windowHours":8,"workDays":26,"severity":1,"confidence":"high","impactVehHours":5729,"delayPct":10.7,"escalate":false,"escalateReason":"","inputsVersion":"v1","version":1,"description":"إغلاق 1 من 3 مسارات — نافذة 8 ساعات يومياً على مدى 26 يوماً (203 ساعة عمل)"}},{"type":"Feature","geometry":{"type":"LineString","coordinates":[[46.700913,24.708252],[46.700881,24.708204],[46.700268,24.707239]]},"properties":{"id":"p089","permitRef":"BLD-2026-0089","group":"closures","subtype":"development","status":"Completed","nextAction":"افحص إعادة الطريق","title":"أعمال على الأمير مشاري بن عبدالعزيز","street":"الأمير مشاري بن عبدالعزيز","roadClass":"local","sensitivity":"transit","promoter":"أمانة منطقة الرياض","contractor":"مجموعة الفهد الهندسية","aadt":35477,"lanes":3,"lanesClosed":1,"direction":"شمال","start":"2026-07-10T14:00:00.000Z","end":"2026-07-26T22:00:00.000Z","windowHours":8,"workDays":16,"severity":1,"confidence":"high","impactVehHours":2709,"delayPct":10,"escalate":false,"escalateReason":"","inputsVersion":"v1","version":1,"description":"إغلاق 1 من 3 مسارات — نافذة 8 ساعات يومياً على مدى 16 يوماً (122 ساعة عمل)"}},{"type":"Feature","geometry":{"type":"LineString","coordinates":[[46.708678,24.674227],[46.708483,24.674149],[46.708313,24.67408],[46.708032,24.673966],[46.70768,24.673818],[46.707405,24.673623],[46.707122,24.673358],[46.706911,24.673178],[46.706881,24.673168]]},"properties":{"id":"p090","permitRef":"BLD-2026-0090","group":"roadworks","subtype":"emergency","status":"CoordinationRequired","nextAction":"نسّق مع الجهة المتعارضة","title":"أعمال على الأمير منصور بن عبدالعزيز","street":"الأمير منصور بن عبدالعزيز","roadClass":"local","sensitivity":"normal","promoter":"الشركة السعودية للغاز","contractor":"دار التنفيذ","aadt":17988,"lanes":2,"lanesClosed":1,"direction":"جنوب","start":"2026-07-27T08:00:00.000Z","end":"2026-08-26T16:00:00.000Z","windowHours":8,"workDays":30,"severity":1,"confidence":"high","impactVehHours":2248,"delayPct":10,"escalate":false,"escalateReason":"","inputsVersion":"v1","version":1,"description":"إغلاق 1 من 2 مسارات — نافذة 8 ساعات يومياً على مدى 30 يوماً (235 ساعة عمل)"}},{"type":"Feature","geometry":{"type":"LineString","coordinates":[[46.666276,24.662295],[46.665842,24.66218],[46.665646,24.662128],[46.665171,24.661997]]},"properties":{"id":"p091","permitRef":"BLD-2026-0091","group":"roadworks","subtype":"maintenance","status":"ImpactScreening","nextAction":"افحص الأثر","title":"أعمال على البرق","street":"البرق","roadClass":"local","sensitivity":"school","promoter":"هيئة تطوير مدينة الرياض","contractor":"دار التنفيذ","aadt":88628,"lanes":4,"lanesClosed":3,"direction":"جنوب","start":"2026-07-18T20:00:00.000Z","end":"2026-08-18T04:00:00.000Z","windowHours":8,"workDays":30,"severity":3,"confidence":"low","impactVehHours":97158,"delayPct":220.9,"escalate":true,"escalateReason":"التأخير يتجاوز نطاق الفحص السريع المعلن","inputsVersion":"v1","version":1,"description":"إغلاق 3 من 4 مسارات — نافذة 8 ساعات يومياً على مدى 30 يوماً (237 ساعة عمل)"}},{"type":"Feature","geometry":{"type":"LineString","coordinates":[[46.683471,24.666858],[46.683589,24.666901],[46.684465,24.667259]]},"properties":{"id":"p092","permitRef":"BLD-2026-0092","group":"closures","subtype":"emergency","status":"ImpactScreening","nextAction":"افحص الأثر","title":"أعمال على الجوهري","street":"الجوهري","roadClass":"local","sensitivity":"transit","promoter":"الشركة السعودية للكهرباء","contractor":"البنية المتقدمة","aadt":81400,"lanes":4,"lanesClosed":3,"direction":"شمال","start":"2026-07-19T14:00:00.000Z","end":"2026-07-25T22:00:00.000Z","windowHours":8,"workDays":6,"severity":3,"confidence":"low","impactVehHours":349326,"delayPct":1424.7,"escalate":true,"escalateReason":"التأخير يتجاوز نطاق الفحص السريع المعلن","inputsVersion":"v1","version":1,"description":"إغلاق 3 من 4 مسارات — نافذة 8 ساعات يومياً على مدى 6 يوماً (44 ساعة عمل)"}},{"type":"Feature","geometry":{"type":"LineString","coordinates":[[46.711868,24.675623],[46.711867,24.675483],[46.711866,24.675218],[46.71182,24.674417],[46.711813,24.674279],[46.71182,24.673931],[46.711821,24.673582],[46.711812,24.673362],[46.711821,24.673095],[46.711829,24.672848],[46.711832,24.672592],[46.711831,24.672521]]},"properties":{"id":"p093","permitRef":"BLD-2026-0093","group":"diversions","subtype":"development","status":"StrategyReview","nextAction":"اعتمد أو أرجع","title":"أعمال على الشيخ عبدالرحمن بن حسن","street":"الشيخ عبدالرحمن بن حسن","roadClass":"local","sensitivity":"normal","promoter":"شركة الاتصالات السعودية","contractor":"مجموعة الفهد الهندسية","aadt":35796,"lanes":3,"lanesClosed":1,"direction":"جنوب","start":"2026-07-14T22:00:00.000Z","end":"2026-07-26T06:00:00.000Z","windowHours":8,"workDays":11,"severity":1,"confidence":"high","impactVehHours":386,"delayPct":10,"escalate":false,"escalateReason":"","inputsVersion":"v1","version":1,"description":"إغلاق 1 من 3 مسارات — نافذة 8 ساعات يومياً على مدى 11 يوماً (88 ساعة عمل)"}},{"type":"Feature","geometry":{"type":"LineString","coordinates":[[46.681542,24.725027],[46.681582,24.724962],[46.681627,24.724902],[46.681677,24.724875],[46.681771,24.724862],[46.682471,24.725083],[46.682516,24.725095],[46.682687,24.725147],[46.682814,24.725191],[46.683274,24.725344],[46.683543,24.72543]]},"properties":{"id":"p094","permitRef":"BLD-2026-0094","group":"diversions","subtype":"maintenance","status":"ImpactScreening","nextAction":"افحص الأثر","title":"أعمال على الشيخ عبدالله العنقري","street":"الشيخ عبدالله العنقري","roadClass":"local","sensitivity":"hospital","promoter":"أمانة منطقة الرياض","contractor":"مجموعة الفهد الهندسية","aadt":88284,"lanes":4,"lanesClosed":1,"direction":"جنوب","start":"2026-07-19T22:00:00.000Z","end":"2026-08-14T06:00:00.000Z","windowHours":8,"workDays":25,"severity":1,"confidence":"high","impactVehHours":2165,"delayPct":10,"escalate":false,"escalateReason":"","inputsVersion":"v1","version":1,"description":"إغلاق 1 من 4 مسارات — نافذة 8 ساعات يومياً على مدى 25 يوماً (197 ساعة عمل)"}},{"type":"Feature","geometry":{"type":"Point","coordinates":[46.708226,24.725606]},"properties":{"id":"p095","permitRef":"BLD-2026-0095","group":"pois","subtype":"maintenance","status":"StrategyReview","nextAction":"اعتمد أو أرجع","title":"أعمال على العروبة","street":"العروبة","roadClass":"local","sensitivity":"normal","promoter":"أمانة منطقة الرياض","contractor":"الراجحي للإنشاء","aadt":23135,"lanes":2,"lanesClosed":1,"direction":"شمال","start":"2026-07-19T22:00:00.000Z","end":"2026-08-09T06:00:00.000Z","windowHours":8,"workDays":20,"severity":1,"confidence":"high","impactVehHours":453,"delayPct":10,"escalate":false,"escalateReason":"","inputsVersion":"v1","version":1,"description":"إغلاق 1 من 2 مسارات — نافذة 8 ساعات يومياً على مدى 20 يوماً (158 ساعة عمل)"}},{"type":"Feature","geometry":{"type":"LineString","coordinates":[[46.707402,24.68073],[46.706596,24.679678],[46.70621,24.679174],[46.705066,24.677681],[46.704626,24.677155]]},"properties":{"id":"p096","permitRef":"BLD-2026-0096","group":"roadworks","subtype":"development","status":"Completed","nextAction":"افحص إعادة الطريق","title":"أعمال على الملك سعود","street":"الملك سعود","roadClass":"arterial","sensitivity":"normal","promoter":"هيئة تطوير مدينة الرياض","contractor":"دار التنفيذ","aadt":43355,"lanes":3,"lanesClosed":1,"direction":"جنوب","start":"2026-07-08T15:00:00.000Z","end":"2026-07-19T23:00:00.000Z","windowHours":8,"workDays":11,"severity":1,"confidence":"high","impactVehHours":2479,"delayPct":11.2,"escalate":false,"escalateReason":"","inputsVersion":"v1","version":1,"description":"إغلاق 1 من 3 مسارات — نافذة 8 ساعات يومياً على مدى 11 يوماً (88 ساعة عمل)"}},{"type":"Feature","geometry":{"type":"LineString","coordinates":[[46.692646,24.739581],[46.693217,24.739807],[46.693395,24.739875],[46.69518,24.740623]]},"properties":{"id":"p097","permitRef":"BLD-2026-0097","group":"roadworks","subtype":"default","status":"ImpactScreening","nextAction":"افحص الأثر","title":"أعمال على الملك عبدالله","street":"الملك عبدالله","roadClass":"local","sensitivity":"normal","promoter":"شركة الاتصالات السعودية","contractor":"الراجحي للإنشاء","aadt":52147,"lanes":3,"lanesClosed":2,"direction":"جنوب","start":"2026-07-20T14:00:00.000Z","end":"2026-08-15T22:00:00.000Z","windowHours":8,"workDays":26,"severity":3,"confidence":"low","impactVehHours":161951,"delayPct":244.3,"escalate":true,"escalateReason":"التأخير يتجاوز نطاق الفحص السريع المعلن","inputsVersion":"v1","version":1,"description":"إغلاق 2 من 3 مسارات — نافذة 8 ساعات يومياً على مدى 26 يوماً (203 ساعة عمل)"}},{"type":"Feature","geometry":{"type":"LineString","coordinates":[[46.70813,24.656328],[46.707512,24.656724],[46.70698,24.657077],[46.706683,24.657261],[46.706011,24.657687],[46.705839,24.657796]]},"properties":{"id":"p098","permitRef":"BLD-2026-0098","group":"closures","subtype":"development","status":"CoordinationRequired","nextAction":"نسّق مع الجهة المتعارضة","title":"أعمال على الملك فيصل بن عبدالعزيز","street":"الملك فيصل بن عبدالعزيز","roadClass":"arterial","sensitivity":"normal","promoter":"شركة الاتصالات السعودية","contractor":"البنية المتقدمة","aadt":20420,"lanes":2,"lanesClosed":1,"direction":"شمال","start":"2026-07-17T16:00:00.000Z","end":"2026-07-28T00:00:00.000Z","windowHours":8,"workDays":10,"severity":1,"confidence":"high","impactVehHours":977,"delayPct":11.1,"escalate":false,"escalateReason":"","inputsVersion":"v1","version":1,"description":"إغلاق 1 من 2 مسارات — نافذة 8 ساعات يومياً على مدى 10 يوماً (79 ساعة عمل)"}},{"type":"Feature","geometry":{"type":"LineString","coordinates":[[46.679673,24.720584],[46.679965,24.720029],[46.680283,24.719427],[46.680333,24.719333]]},"properties":{"id":"p099","permitRef":"BLD-2026-0099","group":"roadworks","subtype":"default","status":"Approved","nextAction":"ثبّت الجدول","title":"أعمال على المهندس مساعد العنقري","street":"المهندس مساعد العنقري","roadClass":"local","sensitivity":"transit","promoter":"شركة المياه الوطنية","contractor":"مقاولات الخليج","aadt":47754,"lanes":3,"lanesClosed":1,"direction":"شمال","start":"2026-08-02T13:00:00.000Z","end":"2026-08-05T21:00:00.000Z","windowHours":8,"workDays":3,"severity":1,"confidence":"high","impactVehHours":899,"delayPct":12.8,"escalate":false,"escalateReason":"","inputsVersion":"v1","version":1,"description":"إغلاق 1 من 3 مسارات — نافذة 8 ساعات يومياً على مدى 3 يوماً (24 ساعة عمل)"}},{"type":"Feature","geometry":{"type":"LineString","coordinates":[[46.685181,24.664935],[46.685059,24.664885],[46.684677,24.66472],[46.684468,24.66463]]},"properties":{"id":"p100","permitRef":"BLD-2026-0100","group":"incidents","subtype":"emergency","status":"Scheduled","nextAction":"انشر الإغلاق","title":"أعمال على أم سلمة الأنصاري","street":"أم سلمة الأنصاري","roadClass":"local","sensitivity":"school","promoter":"الشركة السعودية للكهرباء","contractor":"دار التنفيذ","aadt":77557,"lanes":4,"lanesClosed":2,"direction":"شمال","start":"2026-07-24T14:00:00.000Z","end":"2026-08-05T22:00:00.000Z","windowHours":8,"workDays":12,"severity":2,"confidence":"medium","impactVehHours":32401,"delayPct":70,"escalate":false,"escalateReason":"","inputsVersion":"v1","version":1,"description":"إغلاق 2 من 4 مسارات — نافذة 8 ساعات يومياً على مدى 12 يوماً (90 ساعة عمل)"}},{"type":"Feature","geometry":{"type":"LineString","coordinates":[[46.686367,24.670395],[46.686735,24.669453]]},"properties":{"id":"p101","permitRef":"BLD-2026-0101","group":"diversions","subtype":"default","status":"CoordinationRequired","nextAction":"نسّق مع الجهة المتعارضة","title":"أعمال على جابر بن عبدالله","street":"جابر بن عبدالله","roadClass":"local","sensitivity":"school","promoter":"الشركة السعودية للكهرباء","contractor":"البنية المتقدمة","aadt":13004,"lanes":2,"lanesClosed":1,"direction":"جنوب","start":"2026-07-14T12:00:00.000Z","end":"2026-08-05T20:00:00.000Z","windowHours":8,"workDays":22,"severity":1,"confidence":"high","impactVehHours":1371,"delayPct":10,"escalate":false,"escalateReason":"","inputsVersion":"v1","version":1,"description":"إغلاق 1 من 2 مسارات — نافذة 8 ساعات يومياً على مدى 22 يوماً (175 ساعة عمل)"}},{"type":"Feature","geometry":{"type":"LineString","coordinates":[[46.708228,24.737223],[46.708659,24.737406],[46.710195,24.738039],[46.710894,24.738343],[46.711471,24.738576]]},"properties":{"id":"p102","permitRef":"BLD-2026-0102","group":"roadworks","subtype":"maintenance","status":"CoordinationRequired","nextAction":"نسّق مع الجهة المتعارضة","title":"أعمال على رفحاء","street":"رفحاء","roadClass":"local","sensitivity":"normal","promoter":"شركة الاتصالات السعودية","contractor":"البنية المتقدمة","aadt":48988,"lanes":3,"lanesClosed":2,"direction":"جنوب","start":"2026-07-27T08:00:00.000Z","end":"2026-08-20T16:00:00.000Z","windowHours":8,"workDays":24,"severity":3,"confidence":"low","impactVehHours":50666,"delayPct":102.3,"escalate":false,"escalateReason":"","inputsVersion":"v1","version":1,"description":"إغلاق 2 من 3 مسارات — نافذة 8 ساعات يومياً على مدى 24 يوماً (189 ساعة عمل)"}},{"type":"Feature","geometry":{"type":"LineString","coordinates":[[46.660084,24.700056],[46.660547,24.700247]]},"properties":{"id":"p103","permitRef":"BLD-2026-0103","group":"roadworks","subtype":"maintenance","status":"StrategyReview","nextAction":"اعتمد أو أرجع","title":"أعمال على شارع إبراهيم النفيسي","street":"شارع إبراهيم النفيسي","roadClass":"local","sensitivity":"normal","promoter":"شركة الاتصالات السعودية","contractor":"دار التنفيذ","aadt":18475,"lanes":2,"lanesClosed":1,"direction":"جنوب","start":"2026-07-27T07:00:00.000Z","end":"2026-08-16T15:00:00.000Z","windowHours":8,"workDays":20,"severity":1,"confidence":"high","impactVehHours":1621,"delayPct":10,"escalate":false,"escalateReason":"","inputsVersion":"v1","version":1,"description":"إغلاق 1 من 2 مسارات — نافذة 8 ساعات يومياً على مدى 20 يوماً (159 ساعة عمل)"}},{"type":"Feature","geometry":{"type":"LineString","coordinates":[[46.663065,24.696852],[46.662803,24.697424]]},"properties":{"id":"p104","permitRef":"BLD-2026-0104","group":"diversions","subtype":"maintenance","status":"StrategyReview","nextAction":"اعتمد أو أرجع","title":"أعمال على شارع أحمد بن إبراهيم الغزاوي","street":"شارع أحمد بن إبراهيم الغزاوي","roadClass":"local","sensitivity":"normal","promoter":"شركة المياه الوطنية","contractor":"مقاولات الخليج","aadt":13074,"lanes":2,"lanesClosed":1,"direction":"شمال","start":"2026-07-29T15:00:00.000Z","end":"2026-08-03T23:00:00.000Z","windowHours":8,"workDays":5,"severity":1,"confidence":"high","impactVehHours":299,"delayPct":10,"escalate":false,"escalateReason":"","inputsVersion":"v1","version":1,"description":"إغلاق 1 من 2 مسارات — نافذة 8 ساعات يومياً على مدى 5 يوماً (36 ساعة عمل)"}},{"type":"Feature","geometry":{"type":"LineString","coordinates":[[46.6631,24.718608],[46.662209,24.718232]]},"properties":{"id":"p105","permitRef":"BLD-2026-0105","group":"diversions","subtype":"default","status":"CoordinationRequired","nextAction":"نسّق مع الجهة المتعارضة","title":"أعمال على شارع الأمير سلطان بن سلمان بن عبدالعزيز","street":"شارع الأمير سلطان بن سلمان بن عبدالعزيز","roadClass":"local","sensitivity":"hospital","promoter":"هيئة تطوير مدينة الرياض","contractor":"الراجحي للإنشاء","aadt":46137,"lanes":3,"lanesClosed":2,"direction":"شمال","start":"2026-07-10T17:00:00.000Z","end":"2026-07-16T01:00:00.000Z","windowHours":8,"workDays":5,"severity":3,"confidence":"low","impactVehHours":15404,"delayPct":171.1,"escalate":true,"escalateReason":"التأخير يتجاوز نطاق الفحص السريع المعلن","inputsVersion":"v1","version":1,"description":"إغلاق 2 من 3 مسارات — نافذة 8 ساعات يومياً على مدى 5 يوماً (37 ساعة عمل)"}},{"type":"Feature","geometry":{"type":"LineString","coordinates":[[46.700146,24.695163],[46.699944,24.695052],[46.699576,24.694892],[46.698896,24.694608]]},"properties":{"id":"p106","permitRef":"BLD-2026-0106","group":"diversions","subtype":"emergency","status":"CompletenessReview","nextAction":"أكمل البيانات الناقصة","title":"أعمال على شارع الامير سلطان بن عبدالعزيز","street":"شارع الامير سلطان بن عبدالعزيز","roadClass":"local","sensitivity":"normal","promoter":"هيئة تطوير مدينة الرياض","contractor":"مقاولات الخليج","aadt":76169,"lanes":4,"lanesClosed":2,"direction":"جنوب","start":"2026-07-12T08:00:00.000Z","end":"2026-07-23T16:00:00.000Z","windowHours":8,"workDays":11,"severity":2,"confidence":"medium","impactVehHours":12519,"delayPct":35.1,"escalate":false,"escalateReason":"","inputsVersion":"v1","version":1,"description":"إغلاق 2 من 4 مسارات — نافذة 8 ساعات يومياً على مدى 11 يوماً (86 ساعة عمل)"}},{"type":"Feature","geometry":{"type":"LineString","coordinates":[[46.710929,24.692196],[46.710873,24.691958],[46.710819,24.691754]]},"properties":{"id":"p107","permitRef":"BLD-2026-0107","group":"roadworks","subtype":"emergency","status":"StrategyReview","nextAction":"اعتمد أو أرجع","title":"أعمال على شارع ألامير مساعد بن عبدالعزيز","street":"شارع ألامير مساعد بن عبدالعزيز","roadClass":"local","sensitivity":"normal","promoter":"أمانة منطقة الرياض","contractor":"الراجحي للإنشاء","aadt":17272,"lanes":2,"lanesClosed":1,"direction":"جنوب","start":"2026-07-22T23:00:00.000Z","end":"2026-08-19T07:00:00.000Z","windowHours":8,"workDays":27,"severity":1,"confidence":"high","impactVehHours":490,"delayPct":10,"escalate":false,"escalateReason":"","inputsVersion":"v1","version":1,"description":"إغلاق 1 من 2 مسارات — نافذة 8 ساعات يومياً على مدى 27 يوماً (209 ساعة عمل)"}},{"type":"Feature","geometry":{"type":"LineString","coordinates":[[46.693842,24.710894],[46.692996,24.710566],[46.692653,24.710437],[46.692491,24.710369]]},"properties":{"id":"p108","permitRef":"BLD-2026-0108","group":"roadworks","subtype":"development","status":"StrategyReview","nextAction":"اعتمد أو أرجع","title":"أعمال على شارع الأمير ممدوح بن عبدالعزيز","street":"شارع الأمير ممدوح بن عبدالعزيز","roadClass":"local","sensitivity":"transit","promoter":"الشركة السعودية للكهرباء","contractor":"مجموعة الفهد الهندسية","aadt":87705,"lanes":4,"lanesClosed":2,"direction":"شمال","start":"2026-07-17T13:00:00.000Z","end":"2026-08-05T21:00:00.000Z","windowHours":8,"workDays":19,"severity":3,"confidence":"low","impactVehHours":95359,"delayPct":110.2,"escalate":false,"escalateReason":"","inputsVersion":"v1","version":1,"description":"إغلاق 2 من 4 مسارات — نافذة 8 ساعات يومياً على مدى 19 يوماً (151 ساعة عمل)"}},{"type":"Feature","geometry":{"type":"LineString","coordinates":[[46.662102,24.736293],[46.662118,24.736299],[46.662547,24.736485],[46.662744,24.736573],[46.663153,24.736767]]},"properties":{"id":"p109","permitRef":"BLD-2026-0109","group":"roadworks","subtype":"development","status":"Deployed","nextAction":"راقب القياس","title":"أعمال على شارع الأمير نايف بن عبدالعزيز","street":"شارع الأمير نايف بن عبدالعزيز","roadClass":"local","sensitivity":"transit","promoter":"أمانة منطقة الرياض","contractor":"الراجحي للإنشاء","aadt":88832,"lanes":4,"lanesClosed":2,"direction":"شمال","start":"2026-07-25T11:00:00.000Z","end":"2026-08-02T19:00:00.000Z","windowHours":8,"workDays":8,"severity":2,"confidence":"medium","impactVehHours":37041,"delayPct":106.6,"escalate":false,"escalateReason":"","inputsVersion":"v1","version":1,"description":"إغلاق 2 من 4 مسارات — نافذة 8 ساعات يومياً على مدى 8 يوماً (62 ساعة عمل)"}},{"type":"Feature","geometry":{"type":"LineString","coordinates":[[46.67221,24.668995],[46.671918,24.669047],[46.671388,24.669137]]},"properties":{"id":"p110","permitRef":"BLD-2026-0110","group":"closures","subtype":"emergency","status":"ImpactScreening","nextAction":"افحص الأثر","title":"أعمال على شارع الزهراوي","street":"شارع الزهراوي","roadClass":"local","sensitivity":"normal","promoter":"أمانة منطقة الرياض","contractor":"البنية المتقدمة","aadt":76610,"lanes":4,"lanesClosed":1,"direction":"جنوب","start":"2026-07-30T12:00:00.000Z","end":"2026-08-29T20:00:00.000Z","windowHours":8,"workDays":30,"severity":2,"confidence":"medium","impactVehHours":15262,"delayPct":13.3,"escalate":false,"escalateReason":"","inputsVersion":"v1","version":1,"description":"إغلاق 1 من 4 مسارات — نافذة 8 ساعات يومياً على مدى 30 يوماً (236 ساعة عمل)"}},{"type":"Feature","geometry":{"type":"LineString","coordinates":[[46.673183,24.717541],[46.672938,24.718015],[46.67248,24.718945],[46.67242,24.719058],[46.672284,24.719318],[46.672165,24.719545],[46.671646,24.720583],[46.671367,24.721132],[46.671073,24.721738],[46.671026,24.721836],[46.670984,24.721922],[46.670951,24.721986],[46.670557,24.722777]]},"properties":{"id":"p111","permitRef":"BLD-2026-0111","group":"roadworks","subtype":"default","status":"ImpactScreening","nextAction":"افحص الأثر","title":"أعمال على شارع العليا","street":"شارع العليا","roadClass":"arterial","sensitivity":"hospital","promoter":"الشركة السعودية للغاز","contractor":"مجموعة الفهد الهندسية","aadt":44003,"lanes":3,"lanesClosed":2,"direction":"جنوب","start":"2026-07-18T23:00:00.000Z","end":"2026-07-27T07:00:00.000Z","windowHours":8,"workDays":8,"severity":1,"confidence":"high","impactVehHours":370,"delayPct":10,"escalate":false,"escalateReason":"","inputsVersion":"v1","version":1,"description":"إغلاق 2 من 3 مسارات — نافذة 8 ساعات يومياً على مدى 8 يوماً (60 ساعة عمل)"}},{"type":"Feature","geometry":{"type":"Point","coordinates":[46.697527,24.670568]},"properties":{"id":"p112","permitRef":"BLD-2026-0112","group":"pois","subtype":"emergency","status":"StrategyReview","nextAction":"اعتمد أو أرجع","title":"أعمال على شارع العليا الفرعي","street":"شارع العليا الفرعي","roadClass":"local","sensitivity":"normal","promoter":"شركة المياه الوطنية","contractor":"مقاولات الخليج","aadt":35531,"lanes":3,"lanesClosed":1,"direction":"جنوب","start":"2026-07-18T19:00:00.000Z","end":"2026-08-03T03:00:00.000Z","windowHours":8,"workDays":15,"severity":1,"confidence":"high","impactVehHours":1224,"delayPct":10,"escalate":false,"escalateReason":"","inputsVersion":"v1","version":1,"description":"إغلاق 1 من 3 مسارات — نافذة 8 ساعات يومياً على مدى 15 يوماً (114 ساعة عمل)"}},{"type":"Feature","geometry":{"type":"LineString","coordinates":[[46.702489,24.700427],[46.702667,24.700067],[46.702738,24.699939],[46.702753,24.699909]]},"properties":{"id":"p113","permitRef":"BLD-2026-0113","group":"diversions","subtype":"default","status":"CompletenessReview","nextAction":"أكمل البيانات الناقصة","title":"أعمال على شارع الملك محمد الخامس","street":"شارع الملك محمد الخامس","roadClass":"local","sensitivity":"normal","promoter":"الشركة السعودية للكهرباء","contractor":"الراجحي للإنشاء","aadt":35242,"lanes":3,"lanesClosed":2,"direction":"جنوب","start":"2026-07-28T15:00:00.000Z","end":"2026-08-08T23:00:00.000Z","windowHours":8,"workDays":11,"severity":2,"confidence":"medium","impactVehHours":9693,"delayPct":54.3,"escalate":false,"escalateReason":"","inputsVersion":"v1","version":1,"description":"إغلاق 2 من 3 مسارات — نافذة 8 ساعات يومياً على مدى 11 يوماً (87 ساعة عمل)"}},{"type":"Feature","geometry":{"type":"LineString","coordinates":[[46.659859,24.702959],[46.660093,24.703119],[46.660264,24.703264]]},"properties":{"id":"p114","permitRef":"BLD-2026-0114","group":"roadworks","subtype":"default","status":"CoordinationRequired","nextAction":"نسّق مع الجهة المتعارضة","title":"أعمال على شارع أم الحمام","street":"شارع أم الحمام","roadClass":"major","sensitivity":"transit","promoter":"أمانة منطقة الرياض","contractor":"الراجحي للإنشاء","aadt":41829,"lanes":3,"lanesClosed":1,"direction":"جنوب","start":"2026-07-11T07:00:00.000Z","end":"2026-07-21T15:00:00.000Z","windowHours":8,"workDays":10,"severity":1,"confidence":"high","impactVehHours":1847,"delayPct":10,"escalate":false,"escalateReason":"","inputsVersion":"v1","version":1,"description":"إغلاق 1 من 3 مسارات — نافذة 8 ساعات يومياً على مدى 10 يوماً (73 ساعة عمل)"}},{"type":"Feature","geometry":{"type":"LineString","coordinates":[[46.664424,24.700191],[46.664299,24.700139],[46.66382,24.69994],[46.663684,24.699885]]},"properties":{"id":"p115","permitRef":"BLD-2026-0115","group":"closures","subtype":"default","status":"CoordinationRequired","nextAction":"نسّق مع الجهة المتعارضة","title":"أعمال على شارع حلب","street":"شارع حلب","roadClass":"local","sensitivity":"school","promoter":"هيئة تطوير مدينة الرياض","contractor":"مجموعة الفهد الهندسية","aadt":82364,"lanes":4,"lanesClosed":2,"direction":"جنوب","start":"2026-07-20T23:00:00.000Z","end":"2026-08-05T07:00:00.000Z","windowHours":8,"workDays":15,"severity":1,"confidence":"high","impactVehHours":1299,"delayPct":10,"escalate":false,"escalateReason":"","inputsVersion":"v1","version":1,"description":"إغلاق 2 من 4 مسارات — نافذة 8 ساعات يومياً على مدى 15 يوماً (118 ساعة عمل)"}},{"type":"Feature","geometry":{"type":"LineString","coordinates":[[46.697397,24.711028],[46.697519,24.710755],[46.697893,24.709972]]},"properties":{"id":"p116","permitRef":"BLD-2026-0116","group":"diversions","subtype":"development","status":"StrategyReview","nextAction":"اعتمد أو أرجع","title":"أعمال على شارع عبدالله بن رواحة","street":"شارع عبدالله بن رواحة","roadClass":"local","sensitivity":"normal","promoter":"الشركة السعودية للكهرباء","contractor":"دار التنفيذ","aadt":22822,"lanes":2,"lanesClosed":1,"direction":"جنوب","start":"2026-07-10T14:00:00.000Z","end":"2026-07-17T22:00:00.000Z","windowHours":8,"workDays":7,"severity":1,"confidence":"high","impactVehHours":975,"delayPct":12.8,"escalate":false,"escalateReason":"","inputsVersion":"v1","version":1,"description":"إغلاق 1 من 2 مسارات — نافذة 8 ساعات يومياً على مدى 7 يوماً (52 ساعة عمل)"}},{"type":"Feature","geometry":{"type":"LineString","coordinates":[[46.693147,24.69945],[46.693003,24.699736],[46.692878,24.699998],[46.692803,24.700158],[46.692773,24.70022],[46.692705,24.700347],[46.692664,24.700418],[46.692614,24.700505],[46.692599,24.700537],[46.692567,24.700606]]},"properties":{"id":"p117","permitRef":"BLD-2026-0117","group":"roadworks","subtype":"development","status":"StrategyReview","nextAction":"اعتمد أو أرجع","title":"أعمال على شارع عبدالله بن سليمان الحمدان","street":"شارع عبدالله بن سليمان الحمدان","roadClass":"local","sensitivity":"normal","promoter":"أمانة منطقة الرياض","contractor":"البنية المتقدمة","aadt":18209,"lanes":2,"lanesClosed":1,"direction":"شمال","start":"2026-07-19T14:00:00.000Z","end":"2026-08-03T22:00:00.000Z","windowHours":8,"workDays":15,"severity":1,"confidence":"high","impactVehHours":1298,"delayPct":10,"escalate":false,"escalateReason":"","inputsVersion":"v1","version":1,"description":"إغلاق 1 من 2 مسارات — نافذة 8 ساعات يومياً على مدى 15 يوماً (117 ساعة عمل)"}},{"type":"Feature","geometry":{"type":"LineString","coordinates":[[46.682086,24.704025],[46.683024,24.70442],[46.684293,24.704944],[46.684485,24.705023]]},"properties":{"id":"p118","permitRef":"BLD-2026-0118","group":"roadworks","subtype":"development","status":"ImpactScreening","nextAction":"افحص الأثر","title":"أعمال على شارع موسي بن نصير","street":"شارع موسي بن نصير","roadClass":"local","sensitivity":"hospital","promoter":"أمانة منطقة الرياض","contractor":"مجموعة الفهد الهندسية","aadt":18777,"lanes":2,"lanesClosed":1,"direction":"جنوب","start":"2026-07-31T23:00:00.000Z","end":"2026-08-22T07:00:00.000Z","windowHours":8,"workDays":21,"severity":1,"confidence":"high","impactVehHours":414,"delayPct":10,"escalate":false,"escalateReason":"","inputsVersion":"v1","version":1,"description":"إغلاق 1 من 2 مسارات — نافذة 8 ساعات يومياً على مدى 21 يوماً (161 ساعة عمل)"}},{"type":"Feature","geometry":{"type":"LineString","coordinates":[[46.707824,24.734952],[46.707012,24.736566],[46.706246,24.738088]]},"properties":{"id":"p119","permitRef":"BLD-2026-0119","group":"diversions","subtype":"default","status":"StrategyReview","nextAction":"اعتمد أو أرجع","title":"أعمال على طريق أبي بكر الصديق","street":"طريق أبي بكر الصديق","roadClass":"arterial","sensitivity":"normal","promoter":"هيئة تطوير مدينة الرياض","contractor":"مقاولات الخليج","aadt":84161,"lanes":4,"lanesClosed":3,"direction":"جنوب","start":"2026-07-26T23:00:00.000Z","end":"2026-08-12T07:00:00.000Z","windowHours":8,"workDays":16,"severity":1,"confidence":"high","impactVehHours":6103,"delayPct":43.1,"escalate":false,"escalateReason":"","inputsVersion":"v1","version":1,"description":"إغلاق 3 من 4 مسارات — نافذة 8 ساعات يومياً على مدى 16 يوماً (123 ساعة عمل)"}},{"type":"Feature","geometry":{"type":"LineString","coordinates":[[46.705333,24.740235],[46.705207,24.740496],[46.704868,24.741174],[46.704867,24.741175]]},"properties":{"id":"p120","permitRef":"BLD-2026-0120","group":"roadworks","subtype":"development","status":"Approved","nextAction":"ثبّت الجدول","title":"أعمال على طريق أبي بكر الصديق الفرعي","street":"طريق أبي بكر الصديق الفرعي","roadClass":"local","sensitivity":"normal","promoter":"الشركة السعودية للكهرباء","contractor":"الراجحي للإنشاء","aadt":82915,"lanes":4,"lanesClosed":2,"direction":"شمال","start":"2026-08-01T10:00:00.000Z","end":"2026-08-18T18:00:00.000Z","windowHours":8,"workDays":17,"severity":2,"confidence":"medium","impactVehHours":23857,"delayPct":40.3,"escalate":false,"escalateReason":"","inputsVersion":"v1","version":1,"description":"إغلاق 2 من 4 مسارات — نافذة 8 ساعات يومياً على مدى 17 يوماً (129 ساعة عمل)"}},{"type":"Feature","geometry":{"type":"LineString","coordinates":[[46.667584,24.678151],[46.667271,24.678679],[46.666917,24.679377],[46.666633,24.679974],[46.666466,24.680379],[46.666306,24.681069],[46.666294,24.681148],[46.666281,24.681304],[46.666284,24.681386],[46.666291,24.682041],[46.666286,24.682755],[46.666189,24.683325],[46.666124,24.683629],[46.666094,24.683682]]},"properties":{"id":"p121","permitRef":"BLD-2026-0121","group":"diversions","subtype":"emergency","status":"CompletenessReview","nextAction":"أكمل البيانات الناقصة","title":"أعمال على طريق الأمير تركي بن عبدالعزيز الأول","street":"طريق الأمير تركي بن عبدالعزيز الأول","roadClass":"arterial","sensitivity":"normal","promoter":"الشركة السعودية للكهرباء","contractor":"الراجحي للإنشاء","aadt":19731,"lanes":2,"lanesClosed":1,"direction":"جنوب","start":"2026-07-11T08:00:00.000Z","end":"2026-08-02T16:00:00.000Z","windowHours":8,"workDays":22,"severity":1,"confidence":"high","impactVehHours":1809,"delayPct":10,"escalate":false,"escalateReason":"","inputsVersion":"v1","version":1,"description":"إغلاق 1 من 2 مسارات — نافذة 8 ساعات يومياً على مدى 22 يوماً (171 ساعة عمل)"}},{"type":"Feature","geometry":{"type":"LineString","coordinates":[[46.66352,24.687251],[46.66374,24.686942],[46.66385,24.686782],[46.664212,24.686215],[46.664827,24.685263]]},"properties":{"id":"p122","permitRef":"BLD-2026-0122","group":"roadworks","subtype":"maintenance","status":"Deployed","nextAction":"راقب القياس","title":"أعمال على طريق الأمير تركي بن عبدالعزيز الأول الفرعي","street":"طريق الأمير تركي بن عبدالعزيز الأول الفرعي","roadClass":"local","sensitivity":"school","promoter":"شركة الاتصالات السعودية","contractor":"دار التنفيذ","aadt":79331,"lanes":4,"lanesClosed":3,"direction":"شمال","start":"2026-07-17T11:00:00.000Z","end":"2026-08-02T19:00:00.000Z","windowHours":8,"workDays":16,"severity":3,"confidence":"low","impactVehHours":715364,"delayPct":1183.8,"escalate":true,"escalateReason":"التأخير يتجاوز نطاق الفحص السريع المعلن","inputsVersion":"v1","version":1,"description":"إغلاق 3 من 4 مسارات — نافذة 8 ساعات يومياً على مدى 16 يوماً (128 ساعة عمل)"}},{"type":"Feature","geometry":{"type":"LineString","coordinates":[[46.694971,24.701322],[46.693457,24.700666],[46.692956,24.700453],[46.692801,24.700384],[46.692705,24.700347],[46.692578,24.700293],[46.692503,24.700262],[46.692304,24.700174],[46.692151,24.700104],[46.692007,24.700038],[46.69192,24.699998],[46.691754,24.699929],[46.691169,24.699687],[46.690982,24.699609],[46.690624,24.699458],[46.690447,24.699386],[46.690134,24.699258],[46.690077,24.699234],[46.689907,24.699162],[46.689547,24.699004],[46.68798,24.698342],[46.68778,24.698257],[46.687689,24.698218],[46.687199,24.698013],[46.686909,24.697896],[46.686849,24.697874],[46.686816,24.697861],[46.686739,24.69783],[46.68661,24.697779],[46.68653,24.697749],[46.686471,24.697724]]},"properties":{"id":"p123","permitRef":"BLD-2026-0123","group":"roadworks","subtype":"development","status":"CoordinationRequired","nextAction":"نسّق مع الجهة المتعارضة","title":"أعمال على طريق الأمير محمد بن عبد العزيز","street":"طريق الأمير محمد بن عبد العزيز","roadClass":"major","sensitivity":"school","promoter":"هيئة تطوير مدينة الرياض","contractor":"دار التنفيذ","aadt":41142,"lanes":3,"lanesClosed":2,"direction":"شمال","start":"2026-08-02T18:00:00.000Z","end":"2026-08-09T02:00:00.000Z","windowHours":8,"workDays":6,"severity":2,"confidence":"medium","impactVehHours":8140,"delayPct":103.7,"escalate":false,"escalateReason":"","inputsVersion":"v1","version":1,"description":"إغلاق 2 من 3 مسارات — نافذة 8 ساعات يومياً على مدى 6 يوماً (43 ساعة عمل)"}},{"type":"Feature","geometry":{"type":"LineString","coordinates":[[46.682217,24.666757],[46.681723,24.667763],[46.681479,24.668287],[46.681083,24.669081],[46.680882,24.669523],[46.680754,24.669764],[46.680673,24.669934],[46.680502,24.67028],[46.680391,24.670503],[46.680163,24.670931],[46.679607,24.672046],[46.679588,24.672089]]},"properties":{"id":"p124","permitRef":"BLD-2026-0124","group":"roadworks","subtype":"emergency","status":"CoordinationRequired","nextAction":"نسّق مع الجهة المتعارضة","title":"أعمال على طريق التخصصي","street":"طريق التخصصي","roadClass":"arterial","sensitivity":"normal","promoter":"الشركة السعودية للغاز","contractor":"البنية المتقدمة","aadt":38679,"lanes":3,"lanesClosed":1,"direction":"جنوب","start":"2026-07-16T08:00:00.000Z","end":"2026-07-20T16:00:00.000Z","windowHours":8,"workDays":4,"severity":1,"confidence":"high","impactVehHours":647,"delayPct":10,"escalate":false,"escalateReason":"","inputsVersion":"v1","version":1,"description":"إغلاق 1 من 3 مسارات — نافذة 8 ساعات يومياً على مدى 4 يوماً (27 ساعة عمل)"}},{"type":"Feature","geometry":{"type":"LineString","coordinates":[[46.679101,24.673401],[46.678766,24.674102],[46.678646,24.674405],[46.678626,24.674453],[46.678426,24.674893],[46.678368,24.675201]]},"properties":{"id":"p125","permitRef":"BLD-2026-0125","group":"closures","subtype":"emergency","status":"Completed","nextAction":"افحص إعادة الطريق","title":"أعمال على طريق التخصصي الفرعي","street":"طريق التخصصي الفرعي","roadClass":"local","sensitivity":"normal","promoter":"هيئة تطوير مدينة الرياض","contractor":"الراجحي للإنشاء","aadt":15361,"lanes":2,"lanesClosed":1,"direction":"جنوب","start":"2026-07-14T12:00:00.000Z","end":"2026-08-13T20:00:00.000Z","windowHours":8,"workDays":30,"severity":1,"confidence":"high","impactVehHours":2210,"delayPct":10,"escalate":false,"escalateReason":"","inputsVersion":"v1","version":1,"description":"إغلاق 1 من 2 مسارات — نافذة 8 ساعات يومياً على مدى 30 يوماً (236 ساعة عمل)"}},{"type":"Feature","geometry":{"type":"LineString","coordinates":[[46.716006,24.728829],[46.713065,24.728008],[46.712233,24.727807],[46.710804,24.727377],[46.710024,24.727179],[46.709671,24.727079],[46.707436,24.72644],[46.705849,24.725938],[46.704821,24.725553]]},"properties":{"id":"p126","permitRef":"BLD-2026-0126","group":"roadworks","subtype":"maintenance","status":"ImpactScreening","nextAction":"افحص الأثر","title":"أعمال على طريق العروبة","street":"طريق العروبة","roadClass":"arterial","sensitivity":"school","promoter":"أمانة منطقة الرياض","contractor":"الراجحي للإنشاء","aadt":22599,"lanes":2,"lanesClosed":1,"direction":"جنوب","start":"2026-07-13T12:00:00.000Z","end":"2026-07-23T20:00:00.000Z","windowHours":8,"workDays":10,"severity":1,"confidence":"high","impactVehHours":1365,"delayPct":12.5,"escalate":false,"escalateReason":"","inputsVersion":"v1","version":1,"description":"إغلاق 1 من 2 مسارات — نافذة 8 ساعات يومياً على مدى 10 يوماً (73 ساعة عمل)"}},{"type":"Feature","geometry":{"type":"LineString","coordinates":[[46.666719,24.709954],[46.666058,24.709683],[46.665417,24.709391],[46.664998,24.709216]]},"properties":{"id":"p127","permitRef":"BLD-2026-0127","group":"roadworks","subtype":"maintenance","status":"StrategyReview","nextAction":"اعتمد أو أرجع","title":"أعمال على طريق العروبة الفرعي","street":"طريق العروبة الفرعي","roadClass":"local","sensitivity":"transit","promoter":"أمانة منطقة الرياض","contractor":"الراجحي للإنشاء","aadt":17021,"lanes":2,"lanesClosed":1,"direction":"شمال","start":"2026-07-11T20:00:00.000Z","end":"2026-08-08T04:00:00.000Z","windowHours":8,"workDays":27,"severity":1,"confidence":"high","impactVehHours":754,"delayPct":10,"escalate":false,"escalateReason":"","inputsVersion":"v1","version":1,"description":"إغلاق 1 من 2 مسارات — نافذة 8 ساعات يومياً على مدى 27 يوماً (209 ساعة عمل)"}},{"type":"Feature","geometry":{"type":"LineString","coordinates":[[46.659205,24.671051],[46.659279,24.671002],[46.660245,24.670375],[46.661071,24.669777],[46.66129,24.669608],[46.661865,24.669187],[46.662656,24.66855]]},"properties":{"id":"p128","permitRef":"BLD-2026-0128","group":"roadworks","subtype":"maintenance","status":"StrategyReview","nextAction":"اعتمد أو أرجع","title":"أعمال على طريق الملك خالد","street":"طريق الملك خالد","roadClass":"arterial","sensitivity":"hospital","promoter":"الشركة السعودية للغاز","contractor":"مجموعة الفهد الهندسية","aadt":17165,"lanes":2,"lanesClosed":1,"direction":"جنوب","start":"2026-07-17T19:00:00.000Z","end":"2026-07-30T03:00:00.000Z","windowHours":8,"workDays":12,"severity":1,"confidence":"high","impactVehHours":472,"delayPct":10,"escalate":false,"escalateReason":"","inputsVersion":"v1","version":1,"description":"إغلاق 1 من 2 مسارات — نافذة 8 ساعات يومياً على مدى 12 يوماً (93 ساعة عمل)"}},{"type":"Feature","geometry":{"type":"LineString","coordinates":[[46.716302,24.65168],[46.716498,24.652747],[46.716703,24.653405],[46.716723,24.653502],[46.716804,24.653898],[46.716853,24.654095],[46.716895,24.654301],[46.717285,24.656558],[46.717597,24.658213],[46.717715,24.658934],[46.717755,24.659421],[46.717819,24.660273],[46.717872,24.661056],[46.717877,24.661123],[46.717888,24.66128],[46.717918,24.661694],[46.717975,24.66249]]},"properties":{"id":"p129","permitRef":"BLD-2026-0129","group":"incidents","subtype":"emergency","status":"CoordinationRequired","nextAction":"نسّق مع الجهة المتعارضة","title":"أعمال على طريق الملك عبدالعزيز","street":"طريق الملك عبدالعزيز","roadClass":"major","sensitivity":"normal","promoter":"شركة المياه الوطنية","contractor":"البنية المتقدمة","aadt":82702,"lanes":4,"lanesClosed":3,"direction":"جنوب","start":"2026-07-13T08:00:00.000Z","end":"2026-07-29T16:00:00.000Z","windowHours":8,"workDays":16,"severity":3,"confidence":"low","impactVehHours":467144,"delayPct":821.3,"escalate":true,"escalateReason":"التأخير يتجاوز نطاق الفحص السريع المعلن","inputsVersion":"v1","version":1,"description":"إغلاق 3 من 4 مسارات — نافذة 8 ساعات يومياً على مدى 16 يوماً (121 ساعة عمل)"}},{"type":"Feature","geometry":{"type":"LineString","coordinates":[[46.686104,24.735292],[46.685974,24.735532],[46.685789,24.735888],[46.685648,24.73622],[46.685527,24.736385],[46.685491,24.736421],[46.685447,24.736461],[46.685383,24.736513]]},"properties":{"id":"p130","permitRef":"BLD-2026-0130","group":"incidents","subtype":"emergency","status":"CoordinationRequired","nextAction":"نسّق مع الجهة المتعارضة","title":"أعمال على طريق الملك عبدالعزيز الفرعي","street":"طريق الملك عبدالعزيز الفرعي","roadClass":"local","sensitivity":"school","promoter":"الشركة السعودية للكهرباء","contractor":"دار التنفيذ","aadt":39715,"lanes":3,"lanesClosed":2,"direction":"شمال","start":"2026-08-02T08:00:00.000Z","end":"2026-08-11T16:00:00.000Z","windowHours":8,"workDays":9,"severity":1,"confidence":"high","impactVehHours":6654,"delayPct":44.5,"escalate":false,"escalateReason":"","inputsVersion":"v1","version":1,"description":"إغلاق 2 من 3 مسارات — نافذة 8 ساعات يومياً على مدى 9 يوماً (71 ساعة عمل)"}},{"type":"Feature","geometry":{"type":"LineString","coordinates":[[46.678296,24.733905],[46.674715,24.73238],[46.672761,24.731576],[46.672249,24.731356]]},"properties":{"id":"p131","permitRef":"BLD-2026-0131","group":"roadworks","subtype":"development","status":"CoordinationRequired","nextAction":"نسّق مع الجهة المتعارضة","title":"أعمال على طريق الملك عبدالله","street":"طريق الملك عبدالله","roadClass":"arterial","sensitivity":"transit","promoter":"الشركة السعودية للغاز","contractor":"البنية المتقدمة","aadt":41179,"lanes":3,"lanesClosed":1,"direction":"جنوب","start":"2026-07-27T11:00:00.000Z","end":"2026-08-21T19:00:00.000Z","windowHours":8,"workDays":25,"severity":1,"confidence":"high","impactVehHours":5021,"delayPct":10.6,"escalate":false,"escalateReason":"","inputsVersion":"v1","version":1,"description":"إغلاق 1 من 3 مسارات — نافذة 8 ساعات يومياً على مدى 25 يوماً (194 ساعة عمل)"}},{"type":"Feature","geometry":{"type":"LineString","coordinates":[[46.688577,24.679331],[46.687297,24.681885],[46.686615,24.683219],[46.68615,24.684099],[46.685768,24.684861],[46.685468,24.685435],[46.685177,24.686003],[46.684603,24.687149],[46.68279,24.690809],[46.682662,24.691087],[46.681951,24.692436],[46.681385,24.693547]]},"properties":{"id":"p132","permitRef":"BLD-2026-0132","group":"incidents","subtype":"emergency","status":"ImpactScreening","nextAction":"افحص الأثر","title":"أعمال على طريق الملك فهد","street":"طريق الملك فهد","roadClass":"arterial","sensitivity":"hospital","promoter":"هيئة تطوير مدينة الرياض","contractor":"مجموعة الفهد الهندسية","aadt":80389,"lanes":4,"lanesClosed":2,"direction":"جنوب","start":"2026-07-27T08:00:00.000Z","end":"2026-08-13T16:00:00.000Z","windowHours":8,"workDays":17,"severity":2,"confidence":"medium","impactVehHours":25336,"delayPct":43.3,"escalate":false,"escalateReason":"","inputsVersion":"v1","version":1,"description":"إغلاق 2 من 4 مسارات — نافذة 8 ساعات يومياً على مدى 17 يوماً (130 ساعة عمل)"}},{"type":"Feature","geometry":{"type":"LineString","coordinates":[[46.703355,24.644814],[46.703351,24.644888],[46.703323,24.645324],[46.703301,24.645454],[46.703273,24.645656],[46.70327,24.645676],[46.703195,24.646228],[46.703064,24.647058],[46.702985,24.647484],[46.702923,24.647938],[46.702789,24.648718],[46.702711,24.649191],[46.702682,24.649715],[46.702595,24.65029],[46.702563,24.6505],[46.702493,24.650961],[46.70246,24.651224],[46.70243,24.651459],[46.70239,24.651778],[46.702362,24.65194],[46.702335,24.652045],[46.702251,24.652599],[46.702211,24.652863],[46.701967,24.65448],[46.701934,24.654602],[46.701884,24.654913]]},"properties":{"id":"p133","permitRef":"BLD-2026-0133","group":"closures","subtype":"development","status":"StrategyReview","nextAction":"اعتمد أو أرجع","title":"أعمال على طريق الملك فهد الفرعي","street":"طريق الملك فهد الفرعي","roadClass":"arterial","sensitivity":"hospital","promoter":"الشركة السعودية للكهرباء","contractor":"البنية المتقدمة","aadt":80964,"lanes":4,"lanesClosed":2,"direction":"جنوب","start":"2026-07-20T12:00:00.000Z","end":"2026-08-14T20:00:00.000Z","windowHours":8,"workDays":25,"severity":3,"confidence":"low","impactVehHours":83697,"delayPct":81.6,"escalate":false,"escalateReason":"","inputsVersion":"v1","version":1,"description":"إغلاق 2 من 4 مسارات — نافذة 8 ساعات يومياً على مدى 25 يوماً (195 ساعة عمل)"}},{"type":"Feature","geometry":{"type":"LineString","coordinates":[[46.720524,24.706025],[46.720574,24.706006],[46.720694,24.705937],[46.720972,24.70579],[46.72146,24.705383],[46.721643,24.705244],[46.721795,24.7051]]},"properties":{"id":"p134","permitRef":"BLD-2026-0134","group":"roadworks","subtype":"emergency","status":"ImpactScreening","nextAction":"افحص الأثر","title":"أعمال على طريق صلاح الدين الأيوبي","street":"طريق صلاح الدين الأيوبي","roadClass":"arterial","sensitivity":"normal","promoter":"شركة المياه الوطنية","contractor":"البنية المتقدمة","aadt":46513,"lanes":3,"lanesClosed":1,"direction":"جنوب","start":"2026-07-24T08:00:00.000Z","end":"2026-07-29T16:00:00.000Z","windowHours":8,"workDays":5,"severity":1,"confidence":"high","impactVehHours":1041,"delayPct":10.6,"escalate":false,"escalateReason":"","inputsVersion":"v1","version":1,"description":"إغلاق 1 من 3 مسارات — نافذة 8 ساعات يومياً على مدى 5 يوماً (38 ساعة عمل)"}},{"type":"Feature","geometry":{"type":"LineString","coordinates":[[46.701208,24.683993],[46.701607,24.684158],[46.702827,24.684658],[46.703676,24.685025],[46.704242,24.685267],[46.707391,24.686536],[46.708681,24.687059],[46.709531,24.687339],[46.710498,24.687586],[46.711606,24.687838],[46.712659,24.688205],[46.713148,24.688463],[46.713344,24.688607]]},"properties":{"id":"p135","permitRef":"BLD-2026-0135","group":"roadworks","subtype":"emergency","status":"StrategyReview","nextAction":"اعتمد أو أرجع","title":"أعمال على طريق مكة المكرمة","street":"طريق مكة المكرمة","roadClass":"arterial","sensitivity":"school","promoter":"شركة الاتصالات السعودية","contractor":"دار التنفيذ","aadt":23211,"lanes":2,"lanesClosed":1,"direction":"شمال","start":"2026-07-25T17:00:00.000Z","end":"2026-08-15T01:00:00.000Z","windowHours":8,"workDays":20,"severity":1,"confidence":"high","impactVehHours":2504,"delayPct":14,"escalate":false,"escalateReason":"","inputsVersion":"v1","version":1,"description":"إغلاق 1 من 2 مسارات — نافذة 8 ساعات يومياً على مدى 20 يوماً (156 ساعة عمل)"}},{"type":"Feature","geometry":{"type":"LineString","coordinates":[[46.672474,24.675314],[46.671977,24.675287],[46.671013,24.675204],[46.670558,24.675188],[46.669671,24.675151],[46.669258,24.67519],[46.669189,24.675169],[46.669144,24.675145],[46.669079,24.675069],[46.669055,24.67495],[46.669154,24.674716],[46.669225,24.674626],[46.669334,24.674586],[46.670369,24.67462],[46.670581,24.674628]]},"properties":{"id":"p136","permitRef":"BLD-2026-0136","group":"closures","subtype":"emergency","status":"ImpactScreening","nextAction":"افحص الأثر","title":"أعمال على طريق مكة المكرمة الفرعي","street":"طريق مكة المكرمة الفرعي","roadClass":"arterial","sensitivity":"normal","promoter":"هيئة تطوير مدينة الرياض","contractor":"دار التنفيذ","aadt":48434,"lanes":3,"lanesClosed":2,"direction":"جنوب","start":"2026-08-01T17:00:00.000Z","end":"2026-08-31T01:00:00.000Z","windowHours":8,"workDays":29,"severity":3,"confidence":"low","impactVehHours":113734,"delayPct":206.5,"escalate":true,"escalateReason":"التأخير يتجاوز نطاق الفحص السريع المعلن","inputsVersion":"v1","version":1,"description":"إغلاق 2 من 3 مسارات — نافذة 8 ساعات يومياً على مدى 29 يوماً (230 ساعة عمل)"}},{"type":"Feature","geometry":{"type":"LineString","coordinates":[[46.702048,24.678672],[46.702029,24.678735],[46.701798,24.679297],[46.701519,24.679868],[46.700867,24.681164],[46.70073,24.681456],[46.700436,24.682009],[46.700302,24.682274]]},"properties":{"id":"p137","permitRef":"BLD-2026-0137","group":"closures","subtype":"default","status":"StrategyReview","nextAction":"اعتمد أو أرجع","title":"أعمال على عبد العزيز بن مساعد بن جلوي","street":"عبد العزيز بن مساعد بن جلوي","roadClass":"arterial","sensitivity":"school","promoter":"أمانة منطقة الرياض","contractor":"مقاولات الخليج","aadt":48772,"lanes":3,"lanesClosed":2,"direction":"جنوب","start":"2026-07-27T14:00:00.000Z","end":"2026-08-11T22:00:00.000Z","windowHours":8,"workDays":15,"severity":3,"confidence":"low","impactVehHours":66866,"delayPct":188.3,"escalate":true,"escalateReason":"التأخير يتجاوز نطاق الفحص السريع المعلن","inputsVersion":"v1","version":1,"description":"إغلاق 2 من 3 مسارات — نافذة 8 ساعات يومياً على مدى 15 يوماً (120 ساعة عمل)"}},{"type":"Feature","geometry":{"type":"LineString","coordinates":[[46.703382,24.730754],[46.703668,24.730878],[46.703768,24.730922],[46.704814,24.731355]]},"properties":{"id":"p138","permitRef":"BLD-2026-0138","group":"roadworks","subtype":"emergency","status":"ImpactScreening","nextAction":"افحص الأثر","title":"أعمال على عبدالرحمن بن حسن القصيبي","street":"عبدالرحمن بن حسن القصيبي","roadClass":"local","sensitivity":"normal","promoter":"الشركة السعودية للغاز","contractor":"مجموعة الفهد الهندسية","aadt":84570,"lanes":4,"lanesClosed":3,"direction":"جنوب","start":"2026-07-18T20:00:00.000Z","end":"2026-07-27T04:00:00.000Z","windowHours":8,"workDays":8,"severity":3,"confidence":"low","impactVehHours":20528,"delayPct":183.7,"escalate":true,"escalateReason":"التأخير يتجاوز نطاق الفحص السريع المعلن","inputsVersion":"v1","version":1,"description":"إغلاق 3 من 4 مسارات — نافذة 8 ساعات يومياً على مدى 8 يوماً (61 ساعة عمل)"}},{"type":"Feature","geometry":{"type":"LineString","coordinates":[[46.66225,24.70101],[46.662272,24.700965],[46.662958,24.69958],[46.663044,24.699484],[46.663044,24.699488]]},"properties":{"id":"p139","permitRef":"BLD-2026-0139","group":"roadworks","subtype":"emergency","status":"ImpactScreening","nextAction":"افحص الأثر","title":"أعمال على عبدالرحمن بن سعد بن سعيد","street":"عبدالرحمن بن سعد بن سعيد","roadClass":"local","sensitivity":"school","promoter":"شركة الاتصالات السعودية","contractor":"البنية المتقدمة","aadt":47445,"lanes":3,"lanesClosed":1,"direction":"جنوب","start":"2026-08-01T11:00:00.000Z","end":"2026-08-20T19:00:00.000Z","windowHours":8,"workDays":19,"severity":1,"confidence":"high","impactVehHours":5329,"delayPct":12.8,"escalate":false,"escalateReason":"","inputsVersion":"v1","version":1,"description":"إغلاق 1 من 3 مسارات — نافذة 8 ساعات يومياً على مدى 19 يوماً (146 ساعة عمل)"}},{"type":"Feature","geometry":{"type":"LineString","coordinates":[[46.691582,24.703183],[46.691609,24.703035],[46.691676,24.702635],[46.691761,24.70196]]},"properties":{"id":"p140","permitRef":"BLD-2026-0140","group":"closures","subtype":"emergency","status":"Scheduled","nextAction":"انشر الإغلاق","title":"أعمال على عبدالله بن سليمان الحمدان","street":"عبدالله بن سليمان الحمدان","roadClass":"local","sensitivity":"normal","promoter":"أمانة منطقة الرياض","contractor":"دار التنفيذ","aadt":19926,"lanes":2,"lanesClosed":1,"direction":"شمال","start":"2026-07-16T11:00:00.000Z","end":"2026-07-30T19:00:00.000Z","windowHours":8,"workDays":14,"severity":1,"confidence":"high","impactVehHours":1365,"delayPct":10.7,"escalate":false,"escalateReason":"","inputsVersion":"v1","version":1,"description":"إغلاق 1 من 2 مسارات — نافذة 8 ساعات يومياً على مدى 14 يوماً (112 ساعة عمل)"}},{"type":"Feature","geometry":{"type":"LineString","coordinates":[[46.688426,24.671365],[46.688969,24.671584]]},"properties":{"id":"p141","permitRef":"BLD-2026-0141","group":"incidents","subtype":"development","status":"ImpactScreening","nextAction":"افحص الأثر","title":"أعمال على عبدالملك بن مروان","street":"عبدالملك بن مروان","roadClass":"local","sensitivity":"normal","promoter":"الشركة السعودية للكهرباء","contractor":"مقاولات الخليج","aadt":18032,"lanes":2,"lanesClosed":1,"direction":"جنوب","start":"2026-07-16T10:00:00.000Z","end":"2026-08-13T18:00:00.000Z","windowHours":8,"workDays":28,"severity":1,"confidence":"high","impactVehHours":2067,"delayPct":10,"escalate":false,"escalateReason":"","inputsVersion":"v1","version":1,"description":"إغلاق 1 من 2 مسارات — نافذة 8 ساعات يومياً على مدى 28 يوماً (219 ساعة عمل)"}},{"type":"Feature","geometry":{"type":"LineString","coordinates":[[46.678395,24.741948],[46.678354,24.742033],[46.678029,24.742652]]},"properties":{"id":"p142","permitRef":"BLD-2026-0142","group":"incidents","subtype":"maintenance","status":"Completed","nextAction":"افحص إعادة الطريق","title":"أعمال على محمد حامد الفقي","street":"محمد حامد الفقي","roadClass":"local","sensitivity":"normal","promoter":"هيئة تطوير مدينة الرياض","contractor":"الراجحي للإنشاء","aadt":16923,"lanes":2,"lanesClosed":1,"direction":"شمال","start":"2026-07-22T08:00:00.000Z","end":"2026-08-03T16:00:00.000Z","windowHours":8,"workDays":12,"severity":1,"confidence":"high","impactVehHours":846,"delayPct":10,"escalate":false,"escalateReason":"","inputsVersion":"v1","version":1,"description":"إغلاق 1 من 2 مسارات — نافذة 8 ساعات يومياً على مدى 12 يوماً (91 ساعة عمل)"}},{"type":"Feature","geometry":{"type":"LineString","coordinates":[[46.672359,24.700052],[46.671307,24.699608],[46.669473,24.698835]]},"properties":{"id":"p143","permitRef":"BLD-2026-0143","group":"roadworks","subtype":"maintenance","status":"CoordinationRequired","nextAction":"نسّق مع الجهة المتعارضة","title":"أعمال على موسى بن نصير","street":"موسى بن نصير","roadClass":"local","sensitivity":"normal","promoter":"شركة المياه الوطنية","contractor":"مجموعة الفهد الهندسية","aadt":15023,"lanes":2,"lanesClosed":1,"direction":"جنوب","start":"2026-07-13T16:00:00.000Z","end":"2026-07-26T00:00:00.000Z","windowHours":8,"workDays":12,"severity":1,"confidence":"high","impactVehHours":776,"delayPct":10,"escalate":false,"escalateReason":"","inputsVersion":"v1","version":1,"description":"إغلاق 1 من 2 مسارات — نافذة 8 ساعات يومياً على مدى 12 يوماً (95 ساعة عمل)"}},{"type":"Feature","geometry":{"type":"Point","coordinates":[46.714741,24.717732]},"properties":{"id":"p144","permitRef":"BLD-2026-0144","group":"pois","subtype":"maintenance","status":"ImpactScreening","nextAction":"افحص الأثر","title":"أعمال على نفق أبي بكر الصديق","street":"نفق أبي بكر الصديق","roadClass":"arterial","sensitivity":"normal","promoter":"شركة المياه الوطنية","contractor":"مقاولات الخليج","aadt":76363,"lanes":4,"lanesClosed":2,"direction":"جنوب","start":"2026-07-24T09:00:00.000Z","end":"2026-08-09T17:00:00.000Z","windowHours":8,"workDays":16,"severity":2,"confidence":"medium","impactVehHours":9328,"delayPct":19.1,"escalate":false,"escalateReason":"","inputsVersion":"v1","version":1,"description":"إغلاق 2 من 4 مسارات — نافذة 8 ساعات يومياً على مدى 16 يوماً (127 ساعة عمل)"}},{"type":"Feature","geometry":{"type":"LineString","coordinates":[[46.711572,24.690625],[46.710701,24.690827],[46.710568,24.690858],[46.710046,24.690977]]},"properties":{"id":"p145","permitRef":"BLD-2026-0145","group":"closures","subtype":"maintenance","status":"StrategyReview","nextAction":"اعتمد أو أرجع","title":"أعمال على ابي بكر الرازي","street":"ابي بكر الرازي","roadClass":"local","sensitivity":"transit","promoter":"شركة الاتصالات السعودية","contractor":"البنية المتقدمة","aadt":21953,"lanes":2,"lanesClosed":1,"direction":"شمال","start":"2026-07-14T07:00:00.000Z","end":"2026-07-30T15:00:00.000Z","windowHours":8,"workDays":16,"severity":1,"confidence":"high","impactVehHours":1618,"delayPct":10.5,"escalate":false,"escalateReason":"","inputsVersion":"v1","version":1,"description":"إغلاق 1 من 2 مسارات — نافذة 8 ساعات يومياً على مدى 16 يوماً (128 ساعة عمل)"}},{"type":"Feature","geometry":{"type":"LineString","coordinates":[[46.694654,24.659132],[46.694039,24.660053],[46.693787,24.660375]]},"properties":{"id":"p146","permitRef":"BLD-2026-0146","group":"closures","subtype":"emergency","status":"StrategyReview","nextAction":"اعتمد أو أرجع","title":"أعمال على الأستاذ عثمان الصالح","street":"الأستاذ عثمان الصالح","roadClass":"local","sensitivity":"school","promoter":"الشركة السعودية للكهرباء","contractor":"مقاولات الخليج","aadt":49706,"lanes":3,"lanesClosed":2,"direction":"جنوب","start":"2026-07-14T18:00:00.000Z","end":"2026-07-25T02:00:00.000Z","windowHours":8,"workDays":10,"severity":3,"confidence":"low","impactVehHours":34487,"delayPct":215.1,"escalate":true,"escalateReason":"التأخير يتجاوز نطاق الفحص السريع المعلن","inputsVersion":"v1","version":1,"description":"إغلاق 2 من 3 مسارات — نافذة 8 ساعات يومياً على مدى 10 يوماً (77 ساعة عمل)"}},{"type":"Feature","geometry":{"type":"LineString","coordinates":[[46.709568,24.661099],[46.709456,24.661046],[46.709314,24.660989],[46.708833,24.660755],[46.707636,24.66015],[46.707504,24.660064]]},"properties":{"id":"p147","permitRef":"BLD-2026-0147","group":"roadworks","subtype":"development","status":"ImpactScreening","nextAction":"افحص الأثر","title":"أعمال على الإمام عبدالله بن فيصل","street":"الإمام عبدالله بن فيصل","roadClass":"local","sensitivity":"normal","promoter":"شركة الاتصالات السعودية","contractor":"الراجحي للإنشاء","aadt":82893,"lanes":4,"lanesClosed":3,"direction":"شمال","start":"2026-07-27T21:00:00.000Z","end":"2026-08-06T05:00:00.000Z","windowHours":8,"workDays":9,"severity":1,"confidence":"high","impactVehHours":5294,"delayPct":58.5,"escalate":false,"escalateReason":"","inputsVersion":"v1","version":1,"description":"إغلاق 3 من 4 مسارات — نافذة 8 ساعات يومياً على مدى 9 يوماً (66 ساعة عمل)"}},{"type":"Feature","geometry":{"type":"LineString","coordinates":[[46.674078,24.739848],[46.673751,24.740453],[46.673648,24.740647]]},"properties":{"id":"p148","permitRef":"BLD-2026-0148","group":"closures","subtype":"development","status":"Completed","nextAction":"افحص إعادة الطريق","title":"أعمال على الأمير أحمد بن عبدالعزيز","street":"الأمير أحمد بن عبدالعزيز","roadClass":"local","sensitivity":"normal","promoter":"الشركة السعودية للغاز","contractor":"الراجحي للإنشاء","aadt":10829,"lanes":2,"lanesClosed":1,"direction":"جنوب","start":"2026-07-20T07:00:00.000Z","end":"2026-07-27T15:00:00.000Z","windowHours":8,"workDays":7,"severity":1,"confidence":"high","impactVehHours":332,"delayPct":10,"escalate":false,"escalateReason":"","inputsVersion":"v1","version":1,"description":"إغلاق 1 من 2 مسارات — نافذة 8 ساعات يومياً على مدى 7 يوماً (51 ساعة عمل)"}},{"type":"Feature","geometry":{"type":"LineString","coordinates":[[46.667509,24.678582],[46.667212,24.679181],[46.667007,24.679578]]},"properties":{"id":"p149","permitRef":"BLD-2026-0149","group":"closures","subtype":"default","status":"StrategyReview","nextAction":"اعتمد أو أرجع","title":"أعمال على الأمير تركي بن عبدالعزيز الأول","street":"الأمير تركي بن عبدالعزيز الأول","roadClass":"local","sensitivity":"hospital","promoter":"الشركة السعودية للكهرباء","contractor":"مقاولات الخليج","aadt":12031,"lanes":2,"lanesClosed":1,"direction":"شمال","start":"2026-07-19T19:00:00.000Z","end":"2026-08-19T03:00:00.000Z","windowHours":8,"workDays":30,"severity":1,"confidence":"high","impactVehHours":827,"delayPct":10,"escalate":false,"escalateReason":"","inputsVersion":"v1","version":1,"description":"إغلاق 1 من 2 مسارات — نافذة 8 ساعات يومياً على مدى 30 يوماً (233 ساعة عمل)"}},{"type":"Feature","geometry":{"type":"LineString","coordinates":[[46.665999,24.742924],[46.665957,24.743009],[46.66562,24.743655],[46.665438,24.744021],[46.665205,24.744473]]},"properties":{"id":"p150","permitRef":"BLD-2026-0150","group":"roadworks","subtype":"development","status":"ImpactScreening","nextAction":"افحص الأثر","title":"أعمال على الأمير جلوي بن تركي بن عبدالله","street":"الأمير جلوي بن تركي بن عبدالله","roadClass":"local","sensitivity":"school","promoter":"الشركة السعودية للغاز","contractor":"مقاولات الخليج","aadt":35569,"lanes":3,"lanesClosed":2,"direction":"شمال","start":"2026-07-24T13:00:00.000Z","end":"2026-08-06T21:00:00.000Z","windowHours":8,"workDays":13,"severity":2,"confidence":"medium","impactVehHours":12097,"delayPct":54,"escalate":false,"escalateReason":"","inputsVersion":"v1","version":1,"description":"إغلاق 2 من 3 مسارات — نافذة 8 ساعات يومياً على مدى 13 يوماً (104 ساعة عمل)"}}]}